date,year,quarter,month,month_name,month_year,week_number,day,day_name,is_weekend,is_festive_season
2022-01-01,2022,Q1,1,Jan,Jan-2022,52,1,Saturday,1,0
2022-01-02,2022,Q1,1,Jan,Jan-2022,52,2,Sunday,1,0
2022-01-03,2022,Q1,1,Jan,Jan-2022,1,3,Monday,0,0
2022-01-04,2022,Q1,1,Jan,Jan-2022,1,4,Tuesday,0,0
2022-01-05,2022,Q1,1,Jan,Jan-2022,1,5,Wednesday,0,0
2022-01-06,2022,Q1,1,Jan,Jan-2022,1,6,Thursday,0,0
2022-01-07,2022,Q1,1,Jan,Jan-2022,1,7,Friday,0,0
2022-01-08,2022,Q1,1,Jan,Jan-2022,1,8,Saturday,1,0
2022-01-09,2022,Q1,1,Jan,Jan-2022,1,9,Sunday,1,0
2022-01-10,2022,Q1,1,Jan,Jan-2022,2,10,Monday,0,0
2022-01-11,2022,Q1,1,Jan,Jan-2022,2,11,Tuesday,0,0
2022-01-12,2022,Q1,1,Jan,Jan-2022,2,12,Wednesday,0,0
2022-01-13,2022,Q1,1,Jan,Jan-2022,2,13,Thursday,0,0
2022-01-14,2022,Q1,1,Jan,Jan-2022,2,14,Friday,0,0
2022-01-15,2022,Q1,1,Jan,Jan-2022,2,15,Saturday,1,0
2022-01-16,2022,Q1,1,Jan,Jan-2022,2,16,Sunday,1,0
2022-01-17,2022,Q1,1,Jan,Jan-2022,3,17,Monday,0,0
2022-01-18,2022,Q1,1,Jan,Jan-2022,3,18,Tuesday,0,0
2022-01-19,2022,Q1,1,Jan,Jan-2022,3,19,Wednesday,0,0
2022-01-20,2022,Q1,1,Jan,Jan-2022,3,20,Thursday,0,0
2022-01-21,2022,Q1,1,Jan,Jan-2022,3,21,Friday,0,0
2022-01-22,2022,Q1,1,Jan,Jan-2022,3,22,Saturday,1,0
2022-01-23,2022,Q1,1,Jan,Jan-2022,3,23,Sunday,1,0
2022-01-24,2022,Q1,1,Jan,Jan-2022,4,24,Monday,0,0
2022-01-25,2022,Q1,1,Jan,Jan-2022,4,25,Tuesday,0,0
2022-01-26,2022,Q1,1,Jan,Jan-2022,4,26,Wednesday,0,0
2022-01-27,2022,Q1,1,Jan,Jan-2022,4,27,Thursday,0,0
2022-01-28,2022,Q1,1,Jan,Jan-2022,4,28,Friday,0,0
2022-01-29,2022,Q1,1,Jan,Jan-2022,4,29,Saturday,1,0
2022-01-30,2022,Q1,1,Jan,Jan-2022,4,30,Sunday,1,0
2022-01-31,2022,Q1,1,Jan,Jan-2022,5,31,Monday,0,0
2022-02-01,2022,Q1,2,Feb,Feb-2022,5,1,Tuesday,0,0
2022-02-02,2022,Q1,2,Feb,Feb-2022,5,2,Wednesday,0,0
2022-02-03,2022,Q1,2,Feb,Feb-2022,5,3,Thursday,0,0
2022-02-04,2022,Q1,2,Feb,Feb-2022,5,4,Friday,0,0
2022-02-05,2022,Q1,2,Feb,Feb-2022,5,5,Saturday,1,0
2022-02-06,2022,Q1,2,Feb,Feb-2022,5,6,Sunday,1,0
2022-02-07,2022,Q1,2,Feb,Feb-2022,6,7,Monday,0,0
2022-02-08,2022,Q1,2,Feb,Feb-2022,6,8,Tuesday,0,0
2022-02-09,2022,Q1,2,Feb,Feb-2022,6,9,Wednesday,0,0
2022-02-10,2022,Q1,2,Feb,Feb-2022,6,10,Thursday,0,0
2022-02-11,2022,Q1,2,Feb,Feb-2022,6,11,Friday,0,0
2022-02-12,2022,Q1,2,Feb,Feb-2022,6,12,Saturday,1,0
2022-02-13,2022,Q1,2,Feb,Feb-2022,6,13,Sunday,1,0
2022-02-14,2022,Q1,2,Feb,Feb-2022,7,14,Monday,0,0
2022-02-15,2022,Q1,2,Feb,Feb-2022,7,15,Tuesday,0,0
2022-02-16,2022,Q1,2,Feb,Feb-2022,7,16,Wednesday,0,0
2022-02-17,2022,Q1,2,Feb,Feb-2022,7,17,Thursday,0,0
2022-02-18,2022,Q1,2,Feb,Feb-2022,7,18,Friday,0,0
2022-02-19,2022,Q1,2,Feb,Feb-2022,7,19,Saturday,1,0
2022-02-20,2022,Q1,2,Feb,Feb-2022,7,20,Sunday,1,0
2022-02-21,2022,Q1,2,Feb,Feb-2022,8,21,Monday,0,0
2022-02-22,2022,Q1,2,Feb,Feb-2022,8,22,Tuesday,0,0
2022-02-23,2022,Q1,2,Feb,Feb-2022,8,23,Wednesday,0,0
2022-02-24,2022,Q1,2,Feb,Feb-2022,8,24,Thursday,0,0
2022-02-25,2022,Q1,2,Feb,Feb-2022,8,25,Friday,0,0
2022-02-26,2022,Q1,2,Feb,Feb-2022,8,26,Saturday,1,0
2022-02-27,2022,Q1,2,Feb,Feb-2022,8,27,Sunday,1,0
2022-02-28,2022,Q1,2,Feb,Feb-2022,9,28,Monday,0,0
2022-03-01,2022,Q1,3,Mar,Mar-2022,9,1,Tuesday,0,0
2022-03-02,2022,Q1,3,Mar,Mar-2022,9,2,Wednesday,0,0
2022-03-03,2022,Q1,3,Mar,Mar-2022,9,3,Thursday,0,0
2022-03-04,2022,Q1,3,Mar,Mar-2022,9,4,Friday,0,0
2022-03-05,2022,Q1,3,Mar,Mar-2022,9,5,Saturday,1,0
2022-03-06,2022,Q1,3,Mar,Mar-2022,9,6,Sunday,1,0
2022-03-07,2022,Q1,3,Mar,Mar-2022,10,7,Monday,0,0
2022-03-08,2022,Q1,3,Mar,Mar-2022,10,8,Tuesday,0,0
2022-03-09,2022,Q1,3,Mar,Mar-2022,10,9,Wednesday,0,0
2022-03-10,2022,Q1,3,Mar,Mar-2022,10,10,Thursday,0,0
2022-03-11,2022,Q1,3,Mar,Mar-2022,10,11,Friday,0,0
2022-03-12,2022,Q1,3,Mar,Mar-2022,10,12,Saturday,1,0
2022-03-13,2022,Q1,3,Mar,Mar-2022,10,13,Sunday,1,0
2022-03-14,2022,Q1,3,Mar,Mar-2022,11,14,Monday,0,0
2022-03-15,2022,Q1,3,Mar,Mar-2022,11,15,Tuesday,0,0
2022-03-16,2022,Q1,3,Mar,Mar-2022,11,16,Wednesday,0,0
2022-03-17,2022,Q1,3,Mar,Mar-2022,11,17,Thursday,0,0
2022-03-18,2022,Q1,3,Mar,Mar-2022,11,18,Friday,0,0
2022-03-19,2022,Q1,3,Mar,Mar-2022,11,19,Saturday,1,0
2022-03-20,2022,Q1,3,Mar,Mar-2022,11,20,Sunday,1,0
2022-03-21,2022,Q1,3,Mar,Mar-2022,12,21,Monday,0,0
2022-03-22,2022,Q1,3,Mar,Mar-2022,12,22,Tuesday,0,0
2022-03-23,2022,Q1,3,Mar,Mar-2022,12,23,Wednesday,0,0
2022-03-24,2022,Q1,3,Mar,Mar-2022,12,24,Thursday,0,0
2022-03-25,2022,Q1,3,Mar,Mar-2022,12,25,Friday,0,0
2022-03-26,2022,Q1,3,Mar,Mar-2022,12,26,Saturday,1,0
2022-03-27,2022,Q1,3,Mar,Mar-2022,12,27,Sunday,1,0
2022-03-28,2022,Q1,3,Mar,Mar-2022,13,28,Monday,0,0
2022-03-29,2022,Q1,3,Mar,Mar-2022,13,29,Tuesday,0,0
2022-03-30,2022,Q1,3,Mar,Mar-2022,13,30,Wednesday,0,0
2022-03-31,2022,Q1,3,Mar,Mar-2022,13,31,Thursday,0,0
2022-04-01,2022,Q2,4,Apr,Apr-2022,13,1,Friday,0,0
2022-04-02,2022,Q2,4,Apr,Apr-2022,13,2,Saturday,1,0
2022-04-03,2022,Q2,4,Apr,Apr-2022,13,3,Sunday,1,0
2022-04-04,2022,Q2,4,Apr,Apr-2022,14,4,Monday,0,0
2022-04-05,2022,Q2,4,Apr,Apr-2022,14,5,Tuesday,0,0
2022-04-06,2022,Q2,4,Apr,Apr-2022,14,6,Wednesday,0,0
2022-04-07,2022,Q2,4,Apr,Apr-2022,14,7,Thursday,0,0
2022-04-08,2022,Q2,4,Apr,Apr-2022,14,8,Friday,0,0
2022-04-09,2022,Q2,4,Apr,Apr-2022,14,9,Saturday,1,0
2022-04-10,2022,Q2,4,Apr,Apr-2022,14,10,Sunday,1,0
2022-04-11,2022,Q2,4,Apr,Apr-2022,15,11,Monday,0,0
2022-04-12,2022,Q2,4,Apr,Apr-2022,15,12,Tuesday,0,0
2022-04-13,2022,Q2,4,Apr,Apr-2022,15,13,Wednesday,0,0
2022-04-14,2022,Q2,4,Apr,Apr-2022,15,14,Thursday,0,0
2022-04-15,2022,Q2,4,Apr,Apr-2022,15,15,Friday,0,0
2022-04-16,2022,Q2,4,Apr,Apr-2022,15,16,Saturday,1,0
2022-04-17,2022,Q2,4,Apr,Apr-2022,15,17,Sunday,1,0
2022-04-18,2022,Q2,4,Apr,Apr-2022,16,18,Monday,0,0
2022-04-19,2022,Q2,4,Apr,Apr-2022,16,19,Tuesday,0,0
2022-04-20,2022,Q2,4,Apr,Apr-2022,16,20,Wednesday,0,0
2022-04-21,2022,Q2,4,Apr,Apr-2022,16,21,Thursday,0,0
2022-04-22,2022,Q2,4,Apr,Apr-2022,16,22,Friday,0,0
2022-04-23,2022,Q2,4,Apr,Apr-2022,16,23,Saturday,1,0
2022-04-24,2022,Q2,4,Apr,Apr-2022,16,24,Sunday,1,0
2022-04-25,2022,Q2,4,Apr,Apr-2022,17,25,Monday,0,0
2022-04-26,2022,Q2,4,Apr,Apr-2022,17,26,Tuesday,0,0
2022-04-27,2022,Q2,4,Apr,Apr-2022,17,27,Wednesday,0,0
2022-04-28,2022,Q2,4,Apr,Apr-2022,17,28,Thursday,0,0
2022-04-29,2022,Q2,4,Apr,Apr-2022,17,29,Friday,0,0
2022-04-30,2022,Q2,4,Apr,Apr-2022,17,30,Saturday,1,0
2022-05-01,2022,Q2,5,May,May-2022,17,1,Sunday,1,0
2022-05-02,2022,Q2,5,May,May-2022,18,2,Monday,0,0
2022-05-03,2022,Q2,5,May,May-2022,18,3,Tuesday,0,0
2022-05-04,2022,Q2,5,May,May-2022,18,4,Wednesday,0,0
2022-05-05,2022,Q2,5,May,May-2022,18,5,Thursday,0,0
2022-05-06,2022,Q2,5,May,May-2022,18,6,Friday,0,0
2022-05-07,2022,Q2,5,May,May-2022,18,7,Saturday,1,0
2022-05-08,2022,Q2,5,May,May-2022,18,8,Sunday,1,0
2022-05-09,2022,Q2,5,May,May-2022,19,9,Monday,0,0
2022-05-10,2022,Q2,5,May,May-2022,19,10,Tuesday,0,0
2022-05-11,2022,Q2,5,May,May-2022,19,11,Wednesday,0,0
2022-05-12,2022,Q2,5,May,May-2022,19,12,Thursday,0,0
2022-05-13,2022,Q2,5,May,May-2022,19,13,Friday,0,0
2022-05-14,2022,Q2,5,May,May-2022,19,14,Saturday,1,0
2022-05-15,2022,Q2,5,May,May-2022,19,15,Sunday,1,0
2022-05-16,2022,Q2,5,May,May-2022,20,16,Monday,0,0
2022-05-17,2022,Q2,5,May,May-2022,20,17,Tuesday,0,0
2022-05-18,2022,Q2,5,May,May-2022,20,18,Wednesday,0,0
2022-05-19,2022,Q2,5,May,May-2022,20,19,Thursday,0,0
2022-05-20,2022,Q2,5,May,May-2022,20,20,Friday,0,0
2022-05-21,2022,Q2,5,May,May-2022,20,21,Saturday,1,0
2022-05-22,2022,Q2,5,May,May-2022,20,22,Sunday,1,0
2022-05-23,2022,Q2,5,May,May-2022,21,23,Monday,0,0
2022-05-24,2022,Q2,5,May,May-2022,21,24,Tuesday,0,0
2022-05-25,2022,Q2,5,May,May-2022,21,25,Wednesday,0,0
2022-05-26,2022,Q2,5,May,May-2022,21,26,Thursday,0,0
2022-05-27,2022,Q2,5,May,May-2022,21,27,Friday,0,0
2022-05-28,2022,Q2,5,May,May-2022,21,28,Saturday,1,0
2022-05-29,2022,Q2,5,May,May-2022,21,29,Sunday,1,0
2022-05-30,2022,Q2,5,May,May-2022,22,30,Monday,0,0
2022-05-31,2022,Q2,5,May,May-2022,22,31,Tuesday,0,0
2022-06-01,2022,Q2,6,Jun,Jun-2022,22,1,Wednesday,0,0
2022-06-02,2022,Q2,6,Jun,Jun-2022,22,2,Thursday,0,0
2022-06-03,2022,Q2,6,Jun,Jun-2022,22,3,Friday,0,0
2022-06-04,2022,Q2,6,Jun,Jun-2022,22,4,Saturday,1,0
2022-06-05,2022,Q2,6,Jun,Jun-2022,22,5,Sunday,1,0
2022-06-06,2022,Q2,6,Jun,Jun-2022,23,6,Monday,0,0
2022-06-07,2022,Q2,6,Jun,Jun-2022,23,7,Tuesday,0,0
2022-06-08,2022,Q2,6,Jun,Jun-2022,23,8,Wednesday,0,0
2022-06-09,2022,Q2,6,Jun,Jun-2022,23,9,Thursday,0,0
2022-06-10,2022,Q2,6,Jun,Jun-2022,23,10,Friday,0,0
2022-06-11,2022,Q2,6,Jun,Jun-2022,23,11,Saturday,1,0
2022-06-12,2022,Q2,6,Jun,Jun-2022,23,12,Sunday,1,0
2022-06-13,2022,Q2,6,Jun,Jun-2022,24,13,Monday,0,0
2022-06-14,2022,Q2,6,Jun,Jun-2022,24,14,Tuesday,0,0
2022-06-15,2022,Q2,6,Jun,Jun-2022,24,15,Wednesday,0,0
2022-06-16,2022,Q2,6,Jun,Jun-2022,24,16,Thursday,0,0
2022-06-17,2022,Q2,6,Jun,Jun-2022,24,17,Friday,0,0
2022-06-18,2022,Q2,6,Jun,Jun-2022,24,18,Saturday,1,0
2022-06-19,2022,Q2,6,Jun,Jun-2022,24,19,Sunday,1,0
2022-06-20,2022,Q2,6,Jun,Jun-2022,25,20,Monday,0,0
2022-06-21,2022,Q2,6,Jun,Jun-2022,25,21,Tuesday,0,0
2022-06-22,2022,Q2,6,Jun,Jun-2022,25,22,Wednesday,0,0
2022-06-23,2022,Q2,6,Jun,Jun-2022,25,23,Thursday,0,0
2022-06-24,2022,Q2,6,Jun,Jun-2022,25,24,Friday,0,0
2022-06-25,2022,Q2,6,Jun,Jun-2022,25,25,Saturday,1,0
2022-06-26,2022,Q2,6,Jun,Jun-2022,25,26,Sunday,1,0
2022-06-27,2022,Q2,6,Jun,Jun-2022,26,27,Monday,0,0
2022-06-28,2022,Q2,6,Jun,Jun-2022,26,28,Tuesday,0,0
2022-06-29,2022,Q2,6,Jun,Jun-2022,26,29,Wednesday,0,0
2022-06-30,2022,Q2,6,Jun,Jun-2022,26,30,Thursday,0,0
2022-07-01,2022,Q3,7,Jul,Jul-2022,26,1,Friday,0,0
2022-07-02,2022,Q3,7,Jul,Jul-2022,26,2,Saturday,1,0
2022-07-03,2022,Q3,7,Jul,Jul-2022,26,3,Sunday,1,0
2022-07-04,2022,Q3,7,Jul,Jul-2022,27,4,Monday,0,0
2022-07-05,2022,Q3,7,Jul,Jul-2022,27,5,Tuesday,0,0
2022-07-06,2022,Q3,7,Jul,Jul-2022,27,6,Wednesday,0,0
2022-07-07,2022,Q3,7,Jul,Jul-2022,27,7,Thursday,0,0
2022-07-08,2022,Q3,7,Jul,Jul-2022,27,8,Friday,0,0
2022-07-09,2022,Q3,7,Jul,Jul-2022,27,9,Saturday,1,0
2022-07-10,2022,Q3,7,Jul,Jul-2022,27,10,Sunday,1,0
2022-07-11,2022,Q3,7,Jul,Jul-2022,28,11,Monday,0,0
2022-07-12,2022,Q3,7,Jul,Jul-2022,28,12,Tuesday,0,0
2022-07-13,2022,Q3,7,Jul,Jul-2022,28,13,Wednesday,0,0
2022-07-14,2022,Q3,7,Jul,Jul-2022,28,14,Thursday,0,0
2022-07-15,2022,Q3,7,Jul,Jul-2022,28,15,Friday,0,0
2022-07-16,2022,Q3,7,Jul,Jul-2022,28,16,Saturday,1,0
2022-07-17,2022,Q3,7,Jul,Jul-2022,28,17,Sunday,1,0
2022-07-18,2022,Q3,7,Jul,Jul-2022,29,18,Monday,0,0
2022-07-19,2022,Q3,7,Jul,Jul-2022,29,19,Tuesday,0,0
2022-07-20,2022,Q3,7,Jul,Jul-2022,29,20,Wednesday,0,0
2022-07-21,2022,Q3,7,Jul,Jul-2022,29,21,Thursday,0,0
2022-07-22,2022,Q3,7,Jul,Jul-2022,29,22,Friday,0,0
2022-07-23,2022,Q3,7,Jul,Jul-2022,29,23,Saturday,1,0
2022-07-24,2022,Q3,7,Jul,Jul-2022,29,24,Sunday,1,0
2022-07-25,2022,Q3,7,Jul,Jul-2022,30,25,Monday,0,0
2022-07-26,2022,Q3,7,Jul,Jul-2022,30,26,Tuesday,0,0
2022-07-27,2022,Q3,7,Jul,Jul-2022,30,27,Wednesday,0,0
2022-07-28,2022,Q3,7,Jul,Jul-2022,30,28,Thursday,0,0
2022-07-29,2022,Q3,7,Jul,Jul-2022,30,29,Friday,0,0
2022-07-30,2022,Q3,7,Jul,Jul-2022,30,30,Saturday,1,0
2022-07-31,2022,Q3,7,Jul,Jul-2022,30,31,Sunday,1,0
2022-08-01,2022,Q3,8,Aug,Aug-2022,31,1,Monday,0,0
2022-08-02,2022,Q3,8,Aug,Aug-2022,31,2,Tuesday,0,0
2022-08-03,2022,Q3,8,Aug,Aug-2022,31,3,Wednesday,0,0
2022-08-04,2022,Q3,8,Aug,Aug-2022,31,4,Thursday,0,0
2022-08-05,2022,Q3,8,Aug,Aug-2022,31,5,Friday,0,0
2022-08-06,2022,Q3,8,Aug,Aug-2022,31,6,Saturday,1,0
2022-08-07,2022,Q3,8,Aug,Aug-2022,31,7,Sunday,1,0
2022-08-08,2022,Q3,8,Aug,Aug-2022,32,8,Monday,0,0
2022-08-09,2022,Q3,8,Aug,Aug-2022,32,9,Tuesday,0,0
2022-08-10,2022,Q3,8,Aug,Aug-2022,32,10,Wednesday,0,0
2022-08-11,2022,Q3,8,Aug,Aug-2022,32,11,Thursday,0,0
2022-08-12,2022,Q3,8,Aug,Aug-2022,32,12,Friday,0,0
2022-08-13,2022,Q3,8,Aug,Aug-2022,32,13,Saturday,1,0
2022-08-14,2022,Q3,8,Aug,Aug-2022,32,14,Sunday,1,0
2022-08-15,2022,Q3,8,Aug,Aug-2022,33,15,Monday,0,0
2022-08-16,2022,Q3,8,Aug,Aug-2022,33,16,Tuesday,0,0
2022-08-17,2022,Q3,8,Aug,Aug-2022,33,17,Wednesday,0,0
2022-08-18,2022,Q3,8,Aug,Aug-2022,33,18,Thursday,0,0
2022-08-19,2022,Q3,8,Aug,Aug-2022,33,19,Friday,0,0
2022-08-20,2022,Q3,8,Aug,Aug-2022,33,20,Saturday,1,0
2022-08-21,2022,Q3,8,Aug,Aug-2022,33,21,Sunday,1,0
2022-08-22,2022,Q3,8,Aug,Aug-2022,34,22,Monday,0,0
2022-08-23,2022,Q3,8,Aug,Aug-2022,34,23,Tuesday,0,0
2022-08-24,2022,Q3,8,Aug,Aug-2022,34,24,Wednesday,0,0
2022-08-25,2022,Q3,8,Aug,Aug-2022,34,25,Thursday,0,0
2022-08-26,2022,Q3,8,Aug,Aug-2022,34,26,Friday,0,0
2022-08-27,2022,Q3,8,Aug,Aug-2022,34,27,Saturday,1,0
2022-08-28,2022,Q3,8,Aug,Aug-2022,34,28,Sunday,1,0
2022-08-29,2022,Q3,8,Aug,Aug-2022,35,29,Monday,0,0
2022-08-30,2022,Q3,8,Aug,Aug-2022,35,30,Tuesday,0,0
2022-08-31,2022,Q3,8,Aug,Aug-2022,35,31,Wednesday,0,0
2022-09-01,2022,Q3,9,Sep,Sep-2022,35,1,Thursday,0,0
2022-09-02,2022,Q3,9,Sep,Sep-2022,35,2,Friday,0,0
2022-09-03,2022,Q3,9,Sep,Sep-2022,35,3,Saturday,1,0
2022-09-04,2022,Q3,9,Sep,Sep-2022,35,4,Sunday,1,0
2022-09-05,2022,Q3,9,Sep,Sep-2022,36,5,Monday,0,0
2022-09-06,2022,Q3,9,Sep,Sep-2022,36,6,Tuesday,0,0
2022-09-07,2022,Q3,9,Sep,Sep-2022,36,7,Wednesday,0,0
2022-09-08,2022,Q3,9,Sep,Sep-2022,36,8,Thursday,0,0
2022-09-09,2022,Q3,9,Sep,Sep-2022,36,9,Friday,0,0
2022-09-10,2022,Q3,9,Sep,Sep-2022,36,10,Saturday,1,0
2022-09-11,2022,Q3,9,Sep,Sep-2022,36,11,Sunday,1,0
2022-09-12,2022,Q3,9,Sep,Sep-2022,37,12,Monday,0,0
2022-09-13,2022,Q3,9,Sep,Sep-2022,37,13,Tuesday,0,0
2022-09-14,2022,Q3,9,Sep,Sep-2022,37,14,Wednesday,0,0
2022-09-15,2022,Q3,9,Sep,Sep-2022,37,15,Thursday,0,0
2022-09-16,2022,Q3,9,Sep,Sep-2022,37,16,Friday,0,0
2022-09-17,2022,Q3,9,Sep,Sep-2022,37,17,Saturday,1,0
2022-09-18,2022,Q3,9,Sep,Sep-2022,37,18,Sunday,1,0
2022-09-19,2022,Q3,9,Sep,Sep-2022,38,19,Monday,0,0
2022-09-20,2022,Q3,9,Sep,Sep-2022,38,20,Tuesday,0,0
2022-09-21,2022,Q3,9,Sep,Sep-2022,38,21,Wednesday,0,0
2022-09-22,2022,Q3,9,Sep,Sep-2022,38,22,Thursday,0,0
2022-09-23,2022,Q3,9,Sep,Sep-2022,38,23,Friday,0,0
2022-09-24,2022,Q3,9,Sep,Sep-2022,38,24,Saturday,1,0
2022-09-25,2022,Q3,9,Sep,Sep-2022,38,25,Sunday,1,0
2022-09-26,2022,Q3,9,Sep,Sep-2022,39,26,Monday,0,0
2022-09-27,2022,Q3,9,Sep,Sep-2022,39,27,Tuesday,0,0
2022-09-28,2022,Q3,9,Sep,Sep-2022,39,28,Wednesday,0,0
2022-09-29,2022,Q3,9,Sep,Sep-2022,39,29,Thursday,0,0
2022-09-30,2022,Q3,9,Sep,Sep-2022,39,30,Friday,0,0
2022-10-01,2022,Q4,10,Oct,Oct-2022,39,1,Saturday,1,1
2022-10-02,2022,Q4,10,Oct,Oct-2022,39,2,Sunday,1,1
2022-10-03,2022,Q4,10,Oct,Oct-2022,40,3,Monday,0,1
2022-10-04,2022,Q4,10,Oct,Oct-2022,40,4,Tuesday,0,1
2022-10-05,2022,Q4,10,Oct,Oct-2022,40,5,Wednesday,0,1
2022-10-06,2022,Q4,10,Oct,Oct-2022,40,6,Thursday,0,1
2022-10-07,2022,Q4,10,Oct,Oct-2022,40,7,Friday,0,1
2022-10-08,2022,Q4,10,Oct,Oct-2022,40,8,Saturday,1,1
2022-10-09,2022,Q4,10,Oct,Oct-2022,40,9,Sunday,1,1
2022-10-10,2022,Q4,10,Oct,Oct-2022,41,10,Monday,0,1
2022-10-11,2022,Q4,10,Oct,Oct-2022,41,11,Tuesday,0,1
2022-10-12,2022,Q4,10,Oct,Oct-2022,41,12,Wednesday,0,1
2022-10-13,2022,Q4,10,Oct,Oct-2022,41,13,Thursday,0,1
2022-10-14,2022,Q4,10,Oct,Oct-2022,41,14,Friday,0,1
2022-10-15,2022,Q4,10,Oct,Oct-2022,41,15,Saturday,1,1
2022-10-16,2022,Q4,10,Oct,Oct-2022,41,16,Sunday,1,1
2022-10-17,2022,Q4,10,Oct,Oct-2022,42,17,Monday,0,1
2022-10-18,2022,Q4,10,Oct,Oct-2022,42,18,Tuesday,0,1
2022-10-19,2022,Q4,10,Oct,Oct-2022,42,19,Wednesday,0,1
2022-10-20,2022,Q4,10,Oct,Oct-2022,42,20,Thursday,0,1
2022-10-21,2022,Q4,10,Oct,Oct-2022,42,21,Friday,0,1
2022-10-22,2022,Q4,10,Oct,Oct-2022,42,22,Saturday,1,1
2022-10-23,2022,Q4,10,Oct,Oct-2022,42,23,Sunday,1,1
2022-10-24,2022,Q4,10,Oct,Oct-2022,43,24,Monday,0,1
2022-10-25,2022,Q4,10,Oct,Oct-2022,43,25,Tuesday,0,1
2022-10-26,2022,Q4,10,Oct,Oct-2022,43,26,Wednesday,0,1
2022-10-27,2022,Q4,10,Oct,Oct-2022,43,27,Thursday,0,1
2022-10-28,2022,Q4,10,Oct,Oct-2022,43,28,Friday,0,1
2022-10-29,2022,Q4,10,Oct,Oct-2022,43,29,Saturday,1,1
2022-10-30,2022,Q4,10,Oct,Oct-2022,43,30,Sunday,1,1
2022-10-31,2022,Q4,10,Oct,Oct-2022,44,31,Monday,0,1
2022-11-01,2022,Q4,11,Nov,Nov-2022,44,1,Tuesday,0,1
2022-11-02,2022,Q4,11,Nov,Nov-2022,44,2,Wednesday,0,1
2022-11-03,2022,Q4,11,Nov,Nov-2022,44,3,Thursday,0,1
2022-11-04,2022,Q4,11,Nov,Nov-2022,44,4,Friday,0,1
2022-11-05,2022,Q4,11,Nov,Nov-2022,44,5,Saturday,1,1
2022-11-06,2022,Q4,11,Nov,Nov-2022,44,6,Sunday,1,1
2022-11-07,2022,Q4,11,Nov,Nov-2022,45,7,Monday,0,1
2022-11-08,2022,Q4,11,Nov,Nov-2022,45,8,Tuesday,0,1
2022-11-09,2022,Q4,11,Nov,Nov-2022,45,9,Wednesday,0,1
2022-11-10,2022,Q4,11,Nov,Nov-2022,45,10,Thursday,0,1
2022-11-11,2022,Q4,11,Nov,Nov-2022,45,11,Friday,0,1
2022-11-12,2022,Q4,11,Nov,Nov-2022,45,12,Saturday,1,1
2022-11-13,2022,Q4,11,Nov,Nov-2022,45,13,Sunday,1,1
2022-11-14,2022,Q4,11,Nov,Nov-2022,46,14,Monday,0,1
2022-11-15,2022,Q4,11,Nov,Nov-2022,46,15,Tuesday,0,1
2022-11-16,2022,Q4,11,Nov,Nov-2022,46,16,Wednesday,0,1
2022-11-17,2022,Q4,11,Nov,Nov-2022,46,17,Thursday,0,1
2022-11-18,2022,Q4,11,Nov,Nov-2022,46,18,Friday,0,1
2022-11-19,2022,Q4,11,Nov,Nov-2022,46,19,Saturday,1,1
2022-11-20,2022,Q4,11,Nov,Nov-2022,46,20,Sunday,1,1
2022-11-21,2022,Q4,11,Nov,Nov-2022,47,21,Monday,0,1
2022-11-22,2022,Q4,11,Nov,Nov-2022,47,22,Tuesday,0,1
2022-11-23,2022,Q4,11,Nov,Nov-2022,47,23,Wednesday,0,1
2022-11-24,2022,Q4,11,Nov,Nov-2022,47,24,Thursday,0,1
2022-11-25,2022,Q4,11,Nov,Nov-2022,47,25,Friday,0,1
2022-11-26,2022,Q4,11,Nov,Nov-2022,47,26,Saturday,1,1
2022-11-27,2022,Q4,11,Nov,Nov-2022,47,27,Sunday,1,1
2022-11-28,2022,Q4,11,Nov,Nov-2022,48,28,Monday,0,1
2022-11-29,2022,Q4,11,Nov,Nov-2022,48,29,Tuesday,0,1
2022-11-30,2022,Q4,11,Nov,Nov-2022,48,30,Wednesday,0,1
2022-12-01,2022,Q4,12,Dec,Dec-2022,48,1,Thursday,0,1
2022-12-02,2022,Q4,12,Dec,Dec-2022,48,2,Friday,0,1
2022-12-03,2022,Q4,12,Dec,Dec-2022,48,3,Saturday,1,1
2022-12-04,2022,Q4,12,Dec,Dec-2022,48,4,Sunday,1,1
2022-12-05,2022,Q4,12,Dec,Dec-2022,49,5,Monday,0,1
2022-12-06,2022,Q4,12,Dec,Dec-2022,49,6,Tuesday,0,1
2022-12-07,2022,Q4,12,Dec,Dec-2022,49,7,Wednesday,0,1
2022-12-08,2022,Q4,12,Dec,Dec-2022,49,8,Thursday,0,1
2022-12-09,2022,Q4,12,Dec,Dec-2022,49,9,Friday,0,1
2022-12-10,2022,Q4,12,Dec,Dec-2022,49,10,Saturday,1,1
2022-12-11,2022,Q4,12,Dec,Dec-2022,49,11,Sunday,1,1
2022-12-12,2022,Q4,12,Dec,Dec-2022,50,12,Monday,0,1
2022-12-13,2022,Q4,12,Dec,Dec-2022,50,13,Tuesday,0,1
2022-12-14,2022,Q4,12,Dec,Dec-2022,50,14,Wednesday,0,1
2022-12-15,2022,Q4,12,Dec,Dec-2022,50,15,Thursday,0,1
2022-12-16,2022,Q4,12,Dec,Dec-2022,50,16,Friday,0,1
2022-12-17,2022,Q4,12,Dec,Dec-2022,50,17,Saturday,1,1
2022-12-18,2022,Q4,12,Dec,Dec-2022,50,18,Sunday,1,1
2022-12-19,2022,Q4,12,Dec,Dec-2022,51,19,Monday,0,1
2022-12-20,2022,Q4,12,Dec,Dec-2022,51,20,Tuesday,0,1
2022-12-21,2022,Q4,12,Dec,Dec-2022,51,21,Wednesday,0,1
2022-12-22,2022,Q4,12,Dec,Dec-2022,51,22,Thursday,0,1
2022-12-23,2022,Q4,12,Dec,Dec-2022,51,23,Friday,0,1
2022-12-24,2022,Q4,12,Dec,Dec-2022,51,24,Saturday,1,1
2022-12-25,2022,Q4,12,Dec,Dec-2022,51,25,Sunday,1,1
2022-12-26,2022,Q4,12,Dec,Dec-2022,52,26,Monday,0,1
2022-12-27,2022,Q4,12,Dec,Dec-2022,52,27,Tuesday,0,1
2022-12-28,2022,Q4,12,Dec,Dec-2022,52,28,Wednesday,0,1
2022-12-29,2022,Q4,12,Dec,Dec-2022,52,29,Thursday,0,1
2022-12-30,2022,Q4,12,Dec,Dec-2022,52,30,Friday,0,1
2022-12-31,2022,Q4,12,Dec,Dec-2022,52,31,Saturday,1,1
2023-01-01,2023,Q1,1,Jan,Jan-2023,52,1,Sunday,1,0
2023-01-02,2023,Q1,1,Jan,Jan-2023,1,2,Monday,0,0
2023-01-03,2023,Q1,1,Jan,Jan-2023,1,3,Tuesday,0,0
2023-01-04,2023,Q1,1,Jan,Jan-2023,1,4,Wednesday,0,0
2023-01-05,2023,Q1,1,Jan,Jan-2023,1,5,Thursday,0,0
2023-01-06,2023,Q1,1,Jan,Jan-2023,1,6,Friday,0,0
2023-01-07,2023,Q1,1,Jan,Jan-2023,1,7,Saturday,1,0
2023-01-08,2023,Q1,1,Jan,Jan-2023,1,8,Sunday,1,0
2023-01-09,2023,Q1,1,Jan,Jan-2023,2,9,Monday,0,0
2023-01-10,2023,Q1,1,Jan,Jan-2023,2,10,Tuesday,0,0
2023-01-11,2023,Q1,1,Jan,Jan-2023,2,11,Wednesday,0,0
2023-01-12,2023,Q1,1,Jan,Jan-2023,2,12,Thursday,0,0
2023-01-13,2023,Q1,1,Jan,Jan-2023,2,13,Friday,0,0
2023-01-14,2023,Q1,1,Jan,Jan-2023,2,14,Saturday,1,0
2023-01-15,2023,Q1,1,Jan,Jan-2023,2,15,Sunday,1,0
2023-01-16,2023,Q1,1,Jan,Jan-2023,3,16,Monday,0,0
2023-01-17,2023,Q1,1,Jan,Jan-2023,3,17,Tuesday,0,0
2023-01-18,2023,Q1,1,Jan,Jan-2023,3,18,Wednesday,0,0
2023-01-19,2023,Q1,1,Jan,Jan-2023,3,19,Thursday,0,0
2023-01-20,2023,Q1,1,Jan,Jan-2023,3,20,Friday,0,0
2023-01-21,2023,Q1,1,Jan,Jan-2023,3,21,Saturday,1,0
2023-01-22,2023,Q1,1,Jan,Jan-2023,3,22,Sunday,1,0
2023-01-23,2023,Q1,1,Jan,Jan-2023,4,23,Monday,0,0
2023-01-24,2023,Q1,1,Jan,Jan-2023,4,24,Tuesday,0,0
2023-01-25,2023,Q1,1,Jan,Jan-2023,4,25,Wednesday,0,0
2023-01-26,2023,Q1,1,Jan,Jan-2023,4,26,Thursday,0,0
2023-01-27,2023,Q1,1,Jan,Jan-2023,4,27,Friday,0,0
2023-01-28,2023,Q1,1,Jan,Jan-2023,4,28,Saturday,1,0
2023-01-29,2023,Q1,1,Jan,Jan-2023,4,29,Sunday,1,0
2023-01-30,2023,Q1,1,Jan,Jan-2023,5,30,Monday,0,0
2023-01-31,2023,Q1,1,Jan,Jan-2023,5,31,Tuesday,0,0
2023-02-01,2023,Q1,2,Feb,Feb-2023,5,1,Wednesday,0,0
2023-02-02,2023,Q1,2,Feb,Feb-2023,5,2,Thursday,0,0
2023-02-03,2023,Q1,2,Feb,Feb-2023,5,3,Friday,0,0
2023-02-04,2023,Q1,2,Feb,Feb-2023,5,4,Saturday,1,0
2023-02-05,2023,Q1,2,Feb,Feb-2023,5,5,Sunday,1,0
2023-02-06,2023,Q1,2,Feb,Feb-2023,6,6,Monday,0,0
2023-02-07,2023,Q1,2,Feb,Feb-2023,6,7,Tuesday,0,0
2023-02-08,2023,Q1,2,Feb,Feb-2023,6,8,Wednesday,0,0
2023-02-09,2023,Q1,2,Feb,Feb-2023,6,9,Thursday,0,0
2023-02-10,2023,Q1,2,Feb,Feb-2023,6,10,Friday,0,0
2023-02-11,2023,Q1,2,Feb,Feb-2023,6,11,Saturday,1,0
2023-02-12,2023,Q1,2,Feb,Feb-2023,6,12,Sunday,1,0
2023-02-13,2023,Q1,2,Feb,Feb-2023,7,13,Monday,0,0
2023-02-14,2023,Q1,2,Feb,Feb-2023,7,14,Tuesday,0,0
2023-02-15,2023,Q1,2,Feb,Feb-2023,7,15,Wednesday,0,0
2023-02-16,2023,Q1,2,Feb,Feb-2023,7,16,Thursday,0,0
2023-02-17,2023,Q1,2,Feb,Feb-2023,7,17,Friday,0,0
2023-02-18,2023,Q1,2,Feb,Feb-2023,7,18,Saturday,1,0
2023-02-19,2023,Q1,2,Feb,Feb-2023,7,19,Sunday,1,0
2023-02-20,2023,Q1,2,Feb,Feb-2023,8,20,Monday,0,0
2023-02-21,2023,Q1,2,Feb,Feb-2023,8,21,Tuesday,0,0
2023-02-22,2023,Q1,2,Feb,Feb-2023,8,22,Wednesday,0,0
2023-02-23,2023,Q1,2,Feb,Feb-2023,8,23,Thursday,0,0
2023-02-24,2023,Q1,2,Feb,Feb-2023,8,24,Friday,0,0
2023-02-25,2023,Q1,2,Feb,Feb-2023,8,25,Saturday,1,0
2023-02-26,2023,Q1,2,Feb,Feb-2023,8,26,Sunday,1,0
2023-02-27,2023,Q1,2,Feb,Feb-2023,9,27,Monday,0,0
2023-02-28,2023,Q1,2,Feb,Feb-2023,9,28,Tuesday,0,0
2023-03-01,2023,Q1,3,Mar,Mar-2023,9,1,Wednesday,0,0
2023-03-02,2023,Q1,3,Mar,Mar-2023,9,2,Thursday,0,0
2023-03-03,2023,Q1,3,Mar,Mar-2023,9,3,Friday,0,0
2023-03-04,2023,Q1,3,Mar,Mar-2023,9,4,Saturday,1,0
2023-03-05,2023,Q1,3,Mar,Mar-2023,9,5,Sunday,1,0
2023-03-06,2023,Q1,3,Mar,Mar-2023,10,6,Monday,0,0
2023-03-07,2023,Q1,3,Mar,Mar-2023,10,7,Tuesday,0,0
2023-03-08,2023,Q1,3,Mar,Mar-2023,10,8,Wednesday,0,0
2023-03-09,2023,Q1,3,Mar,Mar-2023,10,9,Thursday,0,0
2023-03-10,2023,Q1,3,Mar,Mar-2023,10,10,Friday,0,0
2023-03-11,2023,Q1,3,Mar,Mar-2023,10,11,Saturday,1,0
2023-03-12,2023,Q1,3,Mar,Mar-2023,10,12,Sunday,1,0
2023-03-13,2023,Q1,3,Mar,Mar-2023,11,13,Monday,0,0
2023-03-14,2023,Q1,3,Mar,Mar-2023,11,14,Tuesday,0,0
2023-03-15,2023,Q1,3,Mar,Mar-2023,11,15,Wednesday,0,0
2023-03-16,2023,Q1,3,Mar,Mar-2023,11,16,Thursday,0,0
2023-03-17,2023,Q1,3,Mar,Mar-2023,11,17,Friday,0,0
2023-03-18,2023,Q1,3,Mar,Mar-2023,11,18,Saturday,1,0
2023-03-19,2023,Q1,3,Mar,Mar-2023,11,19,Sunday,1,0
2023-03-20,2023,Q1,3,Mar,Mar-2023,12,20,Monday,0,0
2023-03-21,2023,Q1,3,Mar,Mar-2023,12,21,Tuesday,0,0
2023-03-22,2023,Q1,3,Mar,Mar-2023,12,22,Wednesday,0,0
2023-03-23,2023,Q1,3,Mar,Mar-2023,12,23,Thursday,0,0
2023-03-24,2023,Q1,3,Mar,Mar-2023,12,24,Friday,0,0
2023-03-25,2023,Q1,3,Mar,Mar-2023,12,25,Saturday,1,0
2023-03-26,2023,Q1,3,Mar,Mar-2023,12,26,Sunday,1,0
2023-03-27,2023,Q1,3,Mar,Mar-2023,13,27,Monday,0,0
2023-03-28,2023,Q1,3,Mar,Mar-2023,13,28,Tuesday,0,0
2023-03-29,2023,Q1,3,Mar,Mar-2023,13,29,Wednesday,0,0
2023-03-30,2023,Q1,3,Mar,Mar-2023,13,30,Thursday,0,0
2023-03-31,2023,Q1,3,Mar,Mar-2023,13,31,Friday,0,0
2023-04-01,2023,Q2,4,Apr,Apr-2023,13,1,Saturday,1,0
2023-04-02,2023,Q2,4,Apr,Apr-2023,13,2,Sunday,1,0
2023-04-03,2023,Q2,4,Apr,Apr-2023,14,3,Monday,0,0
2023-04-04,2023,Q2,4,Apr,Apr-2023,14,4,Tuesday,0,0
2023-04-05,2023,Q2,4,Apr,Apr-2023,14,5,Wednesday,0,0
2023-04-06,2023,Q2,4,Apr,Apr-2023,14,6,Thursday,0,0
2023-04-07,2023,Q2,4,Apr,Apr-2023,14,7,Friday,0,0
2023-04-08,2023,Q2,4,Apr,Apr-2023,14,8,Saturday,1,0
2023-04-09,2023,Q2,4,Apr,Apr-2023,14,9,Sunday,1,0
2023-04-10,2023,Q2,4,Apr,Apr-2023,15,10,Monday,0,0
2023-04-11,2023,Q2,4,Apr,Apr-2023,15,11,Tuesday,0,0
2023-04-12,2023,Q2,4,Apr,Apr-2023,15,12,Wednesday,0,0
2023-04-13,2023,Q2,4,Apr,Apr-2023,15,13,Thursday,0,0
2023-04-14,2023,Q2,4,Apr,Apr-2023,15,14,Friday,0,0
2023-04-15,2023,Q2,4,Apr,Apr-2023,15,15,Saturday,1,0
2023-04-16,2023,Q2,4,Apr,Apr-2023,15,16,Sunday,1,0
2023-04-17,2023,Q2,4,Apr,Apr-2023,16,17,Monday,0,0
2023-04-18,2023,Q2,4,Apr,Apr-2023,16,18,Tuesday,0,0
2023-04-19,2023,Q2,4,Apr,Apr-2023,16,19,Wednesday,0,0
2023-04-20,2023,Q2,4,Apr,Apr-2023,16,20,Thursday,0,0
2023-04-21,2023,Q2,4,Apr,Apr-2023,16,21,Friday,0,0
2023-04-22,2023,Q2,4,Apr,Apr-2023,16,22,Saturday,1,0
2023-04-23,2023,Q2,4,Apr,Apr-2023,16,23,Sunday,1,0
2023-04-24,2023,Q2,4,Apr,Apr-2023,17,24,Monday,0,0
2023-04-25,2023,Q2,4,Apr,Apr-2023,17,25,Tuesday,0,0
2023-04-26,2023,Q2,4,Apr,Apr-2023,17,26,Wednesday,0,0
2023-04-27,2023,Q2,4,Apr,Apr-2023,17,27,Thursday,0,0
2023-04-28,2023,Q2,4,Apr,Apr-2023,17,28,Friday,0,0
2023-04-29,2023,Q2,4,Apr,Apr-2023,17,29,Saturday,1,0
2023-04-30,2023,Q2,4,Apr,Apr-2023,17,30,Sunday,1,0
2023-05-01,2023,Q2,5,May,May-2023,18,1,Monday,0,0
2023-05-02,2023,Q2,5,May,May-2023,18,2,Tuesday,0,0
2023-05-03,2023,Q2,5,May,May-2023,18,3,Wednesday,0,0
2023-05-04,2023,Q2,5,May,May-2023,18,4,Thursday,0,0
2023-05-05,2023,Q2,5,May,May-2023,18,5,Friday,0,0
2023-05-06,2023,Q2,5,May,May-2023,18,6,Saturday,1,0
2023-05-07,2023,Q2,5,May,May-2023,18,7,Sunday,1,0
2023-05-08,2023,Q2,5,May,May-2023,19,8,Monday,0,0
2023-05-09,2023,Q2,5,May,May-2023,19,9,Tuesday,0,0
2023-05-10,2023,Q2,5,May,May-2023,19,10,Wednesday,0,0
2023-05-11,2023,Q2,5,May,May-2023,19,11,Thursday,0,0
2023-05-12,2023,Q2,5,May,May-2023,19,12,Friday,0,0
2023-05-13,2023,Q2,5,May,May-2023,19,13,Saturday,1,0
2023-05-14,2023,Q2,5,May,May-2023,19,14,Sunday,1,0
2023-05-15,2023,Q2,5,May,May-2023,20,15,Monday,0,0
2023-05-16,2023,Q2,5,May,May-2023,20,16,Tuesday,0,0
2023-05-17,2023,Q2,5,May,May-2023,20,17,Wednesday,0,0
2023-05-18,2023,Q2,5,May,May-2023,20,18,Thursday,0,0
2023-05-19,2023,Q2,5,May,May-2023,20,19,Friday,0,0
2023-05-20,2023,Q2,5,May,May-2023,20,20,Saturday,1,0
2023-05-21,2023,Q2,5,May,May-2023,20,21,Sunday,1,0
2023-05-22,2023,Q2,5,May,May-2023,21,22,Monday,0,0
2023-05-23,2023,Q2,5,May,May-2023,21,23,Tuesday,0,0
2023-05-24,2023,Q2,5,May,May-2023,21,24,Wednesday,0,0
2023-05-25,2023,Q2,5,May,May-2023,21,25,Thursday,0,0
2023-05-26,2023,Q2,5,May,May-2023,21,26,Friday,0,0
2023-05-27,2023,Q2,5,May,May-2023,21,27,Saturday,1,0
2023-05-28,2023,Q2,5,May,May-2023,21,28,Sunday,1,0
2023-05-29,2023,Q2,5,May,May-2023,22,29,Monday,0,0
2023-05-30,2023,Q2,5,May,May-2023,22,30,Tuesday,0,0
2023-05-31,2023,Q2,5,May,May-2023,22,31,Wednesday,0,0
2023-06-01,2023,Q2,6,Jun,Jun-2023,22,1,Thursday,0,0
2023-06-02,2023,Q2,6,Jun,Jun-2023,22,2,Friday,0,0
2023-06-03,2023,Q2,6,Jun,Jun-2023,22,3,Saturday,1,0
2023-06-04,2023,Q2,6,Jun,Jun-2023,22,4,Sunday,1,0
2023-06-05,2023,Q2,6,Jun,Jun-2023,23,5,Monday,0,0
2023-06-06,2023,Q2,6,Jun,Jun-2023,23,6,Tuesday,0,0
2023-06-07,2023,Q2,6,Jun,Jun-2023,23,7,Wednesday,0,0
2023-06-08,2023,Q2,6,Jun,Jun-2023,23,8,Thursday,0,0
2023-06-09,2023,Q2,6,Jun,Jun-2023,23,9,Friday,0,0
2023-06-10,2023,Q2,6,Jun,Jun-2023,23,10,Saturday,1,0
2023-06-11,2023,Q2,6,Jun,Jun-2023,23,11,Sunday,1,0
2023-06-12,2023,Q2,6,Jun,Jun-2023,24,12,Monday,0,0
2023-06-13,2023,Q2,6,Jun,Jun-2023,24,13,Tuesday,0,0
2023-06-14,2023,Q2,6,Jun,Jun-2023,24,14,Wednesday,0,0
2023-06-15,2023,Q2,6,Jun,Jun-2023,24,15,Thursday,0,0
2023-06-16,2023,Q2,6,Jun,Jun-2023,24,16,Friday,0,0
2023-06-17,2023,Q2,6,Jun,Jun-2023,24,17,Saturday,1,0
2023-06-18,2023,Q2,6,Jun,Jun-2023,24,18,Sunday,1,0
2023-06-19,2023,Q2,6,Jun,Jun-2023,25,19,Monday,0,0
2023-06-20,2023,Q2,6,Jun,Jun-2023,25,20,Tuesday,0,0
2023-06-21,2023,Q2,6,Jun,Jun-2023,25,21,Wednesday,0,0
2023-06-22,2023,Q2,6,Jun,Jun-2023,25,22,Thursday,0,0
2023-06-23,2023,Q2,6,Jun,Jun-2023,25,23,Friday,0,0
2023-06-24,2023,Q2,6,Jun,Jun-2023,25,24,Saturday,1,0
2023-06-25,2023,Q2,6,Jun,Jun-2023,25,25,Sunday,1,0
2023-06-26,2023,Q2,6,Jun,Jun-2023,26,26,Monday,0,0
2023-06-27,2023,Q2,6,Jun,Jun-2023,26,27,Tuesday,0,0
2023-06-28,2023,Q2,6,Jun,Jun-2023,26,28,Wednesday,0,0
2023-06-29,2023,Q2,6,Jun,Jun-2023,26,29,Thursday,0,0
2023-06-30,2023,Q2,6,Jun,Jun-2023,26,30,Friday,0,0
2023-07-01,2023,Q3,7,Jul,Jul-2023,26,1,Saturday,1,0
2023-07-02,2023,Q3,7,Jul,Jul-2023,26,2,Sunday,1,0
2023-07-03,2023,Q3,7,Jul,Jul-2023,27,3,Monday,0,0
2023-07-04,2023,Q3,7,Jul,Jul-2023,27,4,Tuesday,0,0
2023-07-05,2023,Q3,7,Jul,Jul-2023,27,5,Wednesday,0,0
2023-07-06,2023,Q3,7,Jul,Jul-2023,27,6,Thursday,0,0
2023-07-07,2023,Q3,7,Jul,Jul-2023,27,7,Friday,0,0
2023-07-08,2023,Q3,7,Jul,Jul-2023,27,8,Saturday,1,0
2023-07-09,2023,Q3,7,Jul,Jul-2023,27,9,Sunday,1,0
2023-07-10,2023,Q3,7,Jul,Jul-2023,28,10,Monday,0,0
2023-07-11,2023,Q3,7,Jul,Jul-2023,28,11,Tuesday,0,0
2023-07-12,2023,Q3,7,Jul,Jul-2023,28,12,Wednesday,0,0
2023-07-13,2023,Q3,7,Jul,Jul-2023,28,13,Thursday,0,0
2023-07-14,2023,Q3,7,Jul,Jul-2023,28,14,Friday,0,0
2023-07-15,2023,Q3,7,Jul,Jul-2023,28,15,Saturday,1,0
2023-07-16,2023,Q3,7,Jul,Jul-2023,28,16,Sunday,1,0
2023-07-17,2023,Q3,7,Jul,Jul-2023,29,17,Monday,0,0
2023-07-18,2023,Q3,7,Jul,Jul-2023,29,18,Tuesday,0,0
2023-07-19,2023,Q3,7,Jul,Jul-2023,29,19,Wednesday,0,0
2023-07-20,2023,Q3,7,Jul,Jul-2023,29,20,Thursday,0,0
2023-07-21,2023,Q3,7,Jul,Jul-2023,29,21,Friday,0,0
2023-07-22,2023,Q3,7,Jul,Jul-2023,29,22,Saturday,1,0
2023-07-23,2023,Q3,7,Jul,Jul-2023,29,23,Sunday,1,0
2023-07-24,2023,Q3,7,Jul,Jul-2023,30,24,Monday,0,0
2023-07-25,2023,Q3,7,Jul,Jul-2023,30,25,Tuesday,0,0
2023-07-26,2023,Q3,7,Jul,Jul-2023,30,26,Wednesday,0,0
2023-07-27,2023,Q3,7,Jul,Jul-2023,30,27,Thursday,0,0
2023-07-28,2023,Q3,7,Jul,Jul-2023,30,28,Friday,0,0
2023-07-29,2023,Q3,7,Jul,Jul-2023,30,29,Saturday,1,0
2023-07-30,2023,Q3,7,Jul,Jul-2023,30,30,Sunday,1,0
2023-07-31,2023,Q3,7,Jul,Jul-2023,31,31,Monday,0,0
2023-08-01,2023,Q3,8,Aug,Aug-2023,31,1,Tuesday,0,0
2023-08-02,2023,Q3,8,Aug,Aug-2023,31,2,Wednesday,0,0
2023-08-03,2023,Q3,8,Aug,Aug-2023,31,3,Thursday,0,0
2023-08-04,2023,Q3,8,Aug,Aug-2023,31,4,Friday,0,0
2023-08-05,2023,Q3,8,Aug,Aug-2023,31,5,Saturday,1,0
2023-08-06,2023,Q3,8,Aug,Aug-2023,31,6,Sunday,1,0
2023-08-07,2023,Q3,8,Aug,Aug-2023,32,7,Monday,0,0
2023-08-08,2023,Q3,8,Aug,Aug-2023,32,8,Tuesday,0,0
2023-08-09,2023,Q3,8,Aug,Aug-2023,32,9,Wednesday,0,0
2023-08-10,2023,Q3,8,Aug,Aug-2023,32,10,Thursday,0,0
2023-08-11,2023,Q3,8,Aug,Aug-2023,32,11,Friday,0,0
2023-08-12,2023,Q3,8,Aug,Aug-2023,32,12,Saturday,1,0
2023-08-13,2023,Q3,8,Aug,Aug-2023,32,13,Sunday,1,0
2023-08-14,2023,Q3,8,Aug,Aug-2023,33,14,Monday,0,0
2023-08-15,2023,Q3,8,Aug,Aug-2023,33,15,Tuesday,0,0
2023-08-16,2023,Q3,8,Aug,Aug-2023,33,16,Wednesday,0,0
2023-08-17,2023,Q3,8,Aug,Aug-2023,33,17,Thursday,0,0
2023-08-18,2023,Q3,8,Aug,Aug-2023,33,18,Friday,0,0
2023-08-19,2023,Q3,8,Aug,Aug-2023,33,19,Saturday,1,0
2023-08-20,2023,Q3,8,Aug,Aug-2023,33,20,Sunday,1,0
2023-08-21,2023,Q3,8,Aug,Aug-2023,34,21,Monday,0,0
2023-08-22,2023,Q3,8,Aug,Aug-2023,34,22,Tuesday,0,0
2023-08-23,2023,Q3,8,Aug,Aug-2023,34,23,Wednesday,0,0
2023-08-24,2023,Q3,8,Aug,Aug-2023,34,24,Thursday,0,0
2023-08-25,2023,Q3,8,Aug,Aug-2023,34,25,Friday,0,0
2023-08-26,2023,Q3,8,Aug,Aug-2023,34,26,Saturday,1,0
2023-08-27,2023,Q3,8,Aug,Aug-2023,34,27,Sunday,1,0
2023-08-28,2023,Q3,8,Aug,Aug-2023,35,28,Monday,0,0
2023-08-29,2023,Q3,8,Aug,Aug-2023,35,29,Tuesday,0,0
2023-08-30,2023,Q3,8,Aug,Aug-2023,35,30,Wednesday,0,0
2023-08-31,2023,Q3,8,Aug,Aug-2023,35,31,Thursday,0,0
2023-09-01,2023,Q3,9,Sep,Sep-2023,35,1,Friday,0,0
2023-09-02,2023,Q3,9,Sep,Sep-2023,35,2,Saturday,1,0
2023-09-03,2023,Q3,9,Sep,Sep-2023,35,3,Sunday,1,0
2023-09-04,2023,Q3,9,Sep,Sep-2023,36,4,Monday,0,0
2023-09-05,2023,Q3,9,Sep,Sep-2023,36,5,Tuesday,0,0
2023-09-06,2023,Q3,9,Sep,Sep-2023,36,6,Wednesday,0,0
2023-09-07,2023,Q3,9,Sep,Sep-2023,36,7,Thursday,0,0
2023-09-08,2023,Q3,9,Sep,Sep-2023,36,8,Friday,0,0
2023-09-09,2023,Q3,9,Sep,Sep-2023,36,9,Saturday,1,0
2023-09-10,2023,Q3,9,Sep,Sep-2023,36,10,Sunday,1,0
2023-09-11,2023,Q3,9,Sep,Sep-2023,37,11,Monday,0,0
2023-09-12,2023,Q3,9,Sep,Sep-2023,37,12,Tuesday,0,0
2023-09-13,2023,Q3,9,Sep,Sep-2023,37,13,Wednesday,0,0
2023-09-14,2023,Q3,9,Sep,Sep-2023,37,14,Thursday,0,0
2023-09-15,2023,Q3,9,Sep,Sep-2023,37,15,Friday,0,0
2023-09-16,2023,Q3,9,Sep,Sep-2023,37,16,Saturday,1,0
2023-09-17,2023,Q3,9,Sep,Sep-2023,37,17,Sunday,1,0
2023-09-18,2023,Q3,9,Sep,Sep-2023,38,18,Monday,0,0
2023-09-19,2023,Q3,9,Sep,Sep-2023,38,19,Tuesday,0,0
2023-09-20,2023,Q3,9,Sep,Sep-2023,38,20,Wednesday,0,0
2023-09-21,2023,Q3,9,Sep,Sep-2023,38,21,Thursday,0,0
2023-09-22,2023,Q3,9,Sep,Sep-2023,38,22,Friday,0,0
2023-09-23,2023,Q3,9,Sep,Sep-2023,38,23,Saturday,1,0
2023-09-24,2023,Q3,9,Sep,Sep-2023,38,24,Sunday,1,0
2023-09-25,2023,Q3,9,Sep,Sep-2023,39,25,Monday,0,0
2023-09-26,2023,Q3,9,Sep,Sep-2023,39,26,Tuesday,0,0
2023-09-27,2023,Q3,9,Sep,Sep-2023,39,27,Wednesday,0,0
2023-09-28,2023,Q3,9,Sep,Sep-2023,39,28,Thursday,0,0
2023-09-29,2023,Q3,9,Sep,Sep-2023,39,29,Friday,0,0
2023-09-30,2023,Q3,9,Sep,Sep-2023,39,30,Saturday,1,0
2023-10-01,2023,Q4,10,Oct,Oct-2023,39,1,Sunday,1,1
2023-10-02,2023,Q4,10,Oct,Oct-2023,40,2,Monday,0,1
2023-10-03,2023,Q4,10,Oct,Oct-2023,40,3,Tuesday,0,1
2023-10-04,2023,Q4,10,Oct,Oct-2023,40,4,Wednesday,0,1
2023-10-05,2023,Q4,10,Oct,Oct-2023,40,5,Thursday,0,1
2023-10-06,2023,Q4,10,Oct,Oct-2023,40,6,Friday,0,1
2023-10-07,2023,Q4,10,Oct,Oct-2023,40,7,Saturday,1,1
2023-10-08,2023,Q4,10,Oct,Oct-2023,40,8,Sunday,1,1
2023-10-09,2023,Q4,10,Oct,Oct-2023,41,9,Monday,0,1
2023-10-10,2023,Q4,10,Oct,Oct-2023,41,10,Tuesday,0,1
2023-10-11,2023,Q4,10,Oct,Oct-2023,41,11,Wednesday,0,1
2023-10-12,2023,Q4,10,Oct,Oct-2023,41,12,Thursday,0,1
2023-10-13,2023,Q4,10,Oct,Oct-2023,41,13,Friday,0,1
2023-10-14,2023,Q4,10,Oct,Oct-2023,41,14,Saturday,1,1
2023-10-15,2023,Q4,10,Oct,Oct-2023,41,15,Sunday,1,1
2023-10-16,2023,Q4,10,Oct,Oct-2023,42,16,Monday,0,1
2023-10-17,2023,Q4,10,Oct,Oct-2023,42,17,Tuesday,0,1
2023-10-18,2023,Q4,10,Oct,Oct-2023,42,18,Wednesday,0,1
2023-10-19,2023,Q4,10,Oct,Oct-2023,42,19,Thursday,0,1
2023-10-20,2023,Q4,10,Oct,Oct-2023,42,20,Friday,0,1
2023-10-21,2023,Q4,10,Oct,Oct-2023,42,21,Saturday,1,1
2023-10-22,2023,Q4,10,Oct,Oct-2023,42,22,Sunday,1,1
2023-10-23,2023,Q4,10,Oct,Oct-2023,43,23,Monday,0,1
2023-10-24,2023,Q4,10,Oct,Oct-2023,43,24,Tuesday,0,1
2023-10-25,2023,Q4,10,Oct,Oct-2023,43,25,Wednesday,0,1
2023-10-26,2023,Q4,10,Oct,Oct-2023,43,26,Thursday,0,1
2023-10-27,2023,Q4,10,Oct,Oct-2023,43,27,Friday,0,1
2023-10-28,2023,Q4,10,Oct,Oct-2023,43,28,Saturday,1,1
2023-10-29,2023,Q4,10,Oct,Oct-2023,43,29,Sunday,1,1
2023-10-30,2023,Q4,10,Oct,Oct-2023,44,30,Monday,0,1
2023-10-31,2023,Q4,10,Oct,Oct-2023,44,31,Tuesday,0,1
2023-11-01,2023,Q4,11,Nov,Nov-2023,44,1,Wednesday,0,1
2023-11-02,2023,Q4,11,Nov,Nov-2023,44,2,Thursday,0,1
2023-11-03,2023,Q4,11,Nov,Nov-2023,44,3,Friday,0,1
2023-11-04,2023,Q4,11,Nov,Nov-2023,44,4,Saturday,1,1
2023-11-05,2023,Q4,11,Nov,Nov-2023,44,5,Sunday,1,1
2023-11-06,2023,Q4,11,Nov,Nov-2023,45,6,Monday,0,1
2023-11-07,2023,Q4,11,Nov,Nov-2023,45,7,Tuesday,0,1
2023-11-08,2023,Q4,11,Nov,Nov-2023,45,8,Wednesday,0,1
2023-11-09,2023,Q4,11,Nov,Nov-2023,45,9,Thursday,0,1
2023-11-10,2023,Q4,11,Nov,Nov-2023,45,10,Friday,0,1
2023-11-11,2023,Q4,11,Nov,Nov-2023,45,11,Saturday,1,1
2023-11-12,2023,Q4,11,Nov,Nov-2023,45,12,Sunday,1,1
2023-11-13,2023,Q4,11,Nov,Nov-2023,46,13,Monday,0,1
2023-11-14,2023,Q4,11,Nov,Nov-2023,46,14,Tuesday,0,1
2023-11-15,2023,Q4,11,Nov,Nov-2023,46,15,Wednesday,0,1
2023-11-16,2023,Q4,11,Nov,Nov-2023,46,16,Thursday,0,1
2023-11-17,2023,Q4,11,Nov,Nov-2023,46,17,Friday,0,1
2023-11-18,2023,Q4,11,Nov,Nov-2023,46,18,Saturday,1,1
2023-11-19,2023,Q4,11,Nov,Nov-2023,46,19,Sunday,1,1
2023-11-20,2023,Q4,11,Nov,Nov-2023,47,20,Monday,0,1
2023-11-21,2023,Q4,11,Nov,Nov-2023,47,21,Tuesday,0,1
2023-11-22,2023,Q4,11,Nov,Nov-2023,47,22,Wednesday,0,1
2023-11-23,2023,Q4,11,Nov,Nov-2023,47,23,Thursday,0,1
2023-11-24,2023,Q4,11,Nov,Nov-2023,47,24,Friday,0,1
2023-11-25,2023,Q4,11,Nov,Nov-2023,47,25,Saturday,1,1
2023-11-26,2023,Q4,11,Nov,Nov-2023,47,26,Sunday,1,1
2023-11-27,2023,Q4,11,Nov,Nov-2023,48,27,Monday,0,1
2023-11-28,2023,Q4,11,Nov,Nov-2023,48,28,Tuesday,0,1
2023-11-29,2023,Q4,11,Nov,Nov-2023,48,29,Wednesday,0,1
2023-11-30,2023,Q4,11,Nov,Nov-2023,48,30,Thursday,0,1
2023-12-01,2023,Q4,12,Dec,Dec-2023,48,1,Friday,0,1
2023-12-02,2023,Q4,12,Dec,Dec-2023,48,2,Saturday,1,1
2023-12-03,2023,Q4,12,Dec,Dec-2023,48,3,Sunday,1,1
2023-12-04,2023,Q4,12,Dec,Dec-2023,49,4,Monday,0,1
2023-12-05,2023,Q4,12,Dec,Dec-2023,49,5,Tuesday,0,1
2023-12-06,2023,Q4,12,Dec,Dec-2023,49,6,Wednesday,0,1
2023-12-07,2023,Q4,12,Dec,Dec-2023,49,7,Thursday,0,1
2023-12-08,2023,Q4,12,Dec,Dec-2023,49,8,Friday,0,1
2023-12-09,2023,Q4,12,Dec,Dec-2023,49,9,Saturday,1,1
2023-12-10,2023,Q4,12,Dec,Dec-2023,49,10,Sunday,1,1
2023-12-11,2023,Q4,12,Dec,Dec-2023,50,11,Monday,0,1
2023-12-12,2023,Q4,12,Dec,Dec-2023,50,12,Tuesday,0,1
2023-12-13,2023,Q4,12,Dec,Dec-2023,50,13,Wednesday,0,1
2023-12-14,2023,Q4,12,Dec,Dec-2023,50,14,Thursday,0,1
2023-12-15,2023,Q4,12,Dec,Dec-2023,50,15,Friday,0,1
2023-12-16,2023,Q4,12,Dec,Dec-2023,50,16,Saturday,1,1
2023-12-17,2023,Q4,12,Dec,Dec-2023,50,17,Sunday,1,1
2023-12-18,2023,Q4,12,Dec,Dec-2023,51,18,Monday,0,1
2023-12-19,2023,Q4,12,Dec,Dec-2023,51,19,Tuesday,0,1
2023-12-20,2023,Q4,12,Dec,Dec-2023,51,20,Wednesday,0,1
2023-12-21,2023,Q4,12,Dec,Dec-2023,51,21,Thursday,0,1
2023-12-22,2023,Q4,12,Dec,Dec-2023,51,22,Friday,0,1
2023-12-23,2023,Q4,12,Dec,Dec-2023,51,23,Saturday,1,1
2023-12-24,2023,Q4,12,Dec,Dec-2023,51,24,Sunday,1,1
2023-12-25,2023,Q4,12,Dec,Dec-2023,52,25,Monday,0,1
2023-12-26,2023,Q4,12,Dec,Dec-2023,52,26,Tuesday,0,1
2023-12-27,2023,Q4,12,Dec,Dec-2023,52,27,Wednesday,0,1
2023-12-28,2023,Q4,12,Dec,Dec-2023,52,28,Thursday,0,1
2023-12-29,2023,Q4,12,Dec,Dec-2023,52,29,Friday,0,1
2023-12-30,2023,Q4,12,Dec,Dec-2023,52,30,Saturday,1,1
2023-12-31,2023,Q4,12,Dec,Dec-2023,52,31,Sunday,1,1
2024-01-01,2024,Q1,1,Jan,Jan-2024,1,1,Monday,0,0
2024-01-02,2024,Q1,1,Jan,Jan-2024,1,2,Tuesday,0,0
2024-01-03,2024,Q1,1,Jan,Jan-2024,1,3,Wednesday,0,0
2024-01-04,2024,Q1,1,Jan,Jan-2024,1,4,Thursday,0,0
2024-01-05,2024,Q1,1,Jan,Jan-2024,1,5,Friday,0,0
2024-01-06,2024,Q1,1,Jan,Jan-2024,1,6,Saturday,1,0
2024-01-07,2024,Q1,1,Jan,Jan-2024,1,7,Sunday,1,0
2024-01-08,2024,Q1,1,Jan,Jan-2024,2,8,Monday,0,0
2024-01-09,2024,Q1,1,Jan,Jan-2024,2,9,Tuesday,0,0
2024-01-10,2024,Q1,1,Jan,Jan-2024,2,10,Wednesday,0,0
2024-01-11,2024,Q1,1,Jan,Jan-2024,2,11,Thursday,0,0
2024-01-12,2024,Q1,1,Jan,Jan-2024,2,12,Friday,0,0
2024-01-13,2024,Q1,1,Jan,Jan-2024,2,13,Saturday,1,0
2024-01-14,2024,Q1,1,Jan,Jan-2024,2,14,Sunday,1,0
2024-01-15,2024,Q1,1,Jan,Jan-2024,3,15,Monday,0,0
2024-01-16,2024,Q1,1,Jan,Jan-2024,3,16,Tuesday,0,0
2024-01-17,2024,Q1,1,Jan,Jan-2024,3,17,Wednesday,0,0
2024-01-18,2024,Q1,1,Jan,Jan-2024,3,18,Thursday,0,0
2024-01-19,2024,Q1,1,Jan,Jan-2024,3,19,Friday,0,0
2024-01-20,2024,Q1,1,Jan,Jan-2024,3,20,Saturday,1,0
2024-01-21,2024,Q1,1,Jan,Jan-2024,3,21,Sunday,1,0
2024-01-22,2024,Q1,1,Jan,Jan-2024,4,22,Monday,0,0
2024-01-23,2024,Q1,1,Jan,Jan-2024,4,23,Tuesday,0,0
2024-01-24,2024,Q1,1,Jan,Jan-2024,4,24,Wednesday,0,0
2024-01-25,2024,Q1,1,Jan,Jan-2024,4,25,Thursday,0,0
2024-01-26,2024,Q1,1,Jan,Jan-2024,4,26,Friday,0,0
2024-01-27,2024,Q1,1,Jan,Jan-2024,4,27,Saturday,1,0
2024-01-28,2024,Q1,1,Jan,Jan-2024,4,28,Sunday,1,0
2024-01-29,2024,Q1,1,Jan,Jan-2024,5,29,Monday,0,0
2024-01-30,2024,Q1,1,Jan,Jan-2024,5,30,Tuesday,0,0
2024-01-31,2024,Q1,1,Jan,Jan-2024,5,31,Wednesday,0,0
2024-02-01,2024,Q1,2,Feb,Feb-2024,5,1,Thursday,0,0
2024-02-02,2024,Q1,2,Feb,Feb-2024,5,2,Friday,0,0
2024-02-03,2024,Q1,2,Feb,Feb-2024,5,3,Saturday,1,0
2024-02-04,2024,Q1,2,Feb,Feb-2024,5,4,Sunday,1,0
2024-02-05,2024,Q1,2,Feb,Feb-2024,6,5,Monday,0,0
2024-02-06,2024,Q1,2,Feb,Feb-2024,6,6,Tuesday,0,0
2024-02-07,2024,Q1,2,Feb,Feb-2024,6,7,Wednesday,0,0
2024-02-08,2024,Q1,2,Feb,Feb-2024,6,8,Thursday,0,0
2024-02-09,2024,Q1,2,Feb,Feb-2024,6,9,Friday,0,0
2024-02-10,2024,Q1,2,Feb,Feb-2024,6,10,Saturday,1,0
2024-02-11,2024,Q1,2,Feb,Feb-2024,6,11,Sunday,1,0
2024-02-12,2024,Q1,2,Feb,Feb-2024,7,12,Monday,0,0
2024-02-13,2024,Q1,2,Feb,Feb-2024,7,13,Tuesday,0,0
2024-02-14,2024,Q1,2,Feb,Feb-2024,7,14,Wednesday,0,0
2024-02-15,2024,Q1,2,Feb,Feb-2024,7,15,Thursday,0,0
2024-02-16,2024,Q1,2,Feb,Feb-2024,7,16,Friday,0,0
2024-02-17,2024,Q1,2,Feb,Feb-2024,7,17,Saturday,1,0
2024-02-18,2024,Q1,2,Feb,Feb-2024,7,18,Sunday,1,0
2024-02-19,2024,Q1,2,Feb,Feb-2024,8,19,Monday,0,0
2024-02-20,2024,Q1,2,Feb,Feb-2024,8,20,Tuesday,0,0
2024-02-21,2024,Q1,2,Feb,Feb-2024,8,21,Wednesday,0,0
2024-02-22,2024,Q1,2,Feb,Feb-2024,8,22,Thursday,0,0
2024-02-23,2024,Q1,2,Feb,Feb-2024,8,23,Friday,0,0
2024-02-24,2024,Q1,2,Feb,Feb-2024,8,24,Saturday,1,0
2024-02-25,2024,Q1,2,Feb,Feb-2024,8,25,Sunday,1,0
2024-02-26,2024,Q1,2,Feb,Feb-2024,9,26,Monday,0,0
2024-02-27,2024,Q1,2,Feb,Feb-2024,9,27,Tuesday,0,0
2024-02-28,2024,Q1,2,Feb,Feb-2024,9,28,Wednesday,0,0
2024-02-29,2024,Q1,2,Feb,Feb-2024,9,29,Thursday,0,0
2024-03-01,2024,Q1,3,Mar,Mar-2024,9,1,Friday,0,0
2024-03-02,2024,Q1,3,Mar,Mar-2024,9,2,Saturday,1,0
2024-03-03,2024,Q1,3,Mar,Mar-2024,9,3,Sunday,1,0
2024-03-04,2024,Q1,3,Mar,Mar-2024,10,4,Monday,0,0
2024-03-05,2024,Q1,3,Mar,Mar-2024,10,5,Tuesday,0,0
2024-03-06,2024,Q1,3,Mar,Mar-2024,10,6,Wednesday,0,0
2024-03-07,2024,Q1,3,Mar,Mar-2024,10,7,Thursday,0,0
2024-03-08,2024,Q1,3,Mar,Mar-2024,10,8,Friday,0,0
2024-03-09,2024,Q1,3,Mar,Mar-2024,10,9,Saturday,1,0
2024-03-10,2024,Q1,3,Mar,Mar-2024,10,10,Sunday,1,0
2024-03-11,2024,Q1,3,Mar,Mar-2024,11,11,Monday,0,0
2024-03-12,2024,Q1,3,Mar,Mar-2024,11,12,Tuesday,0,0
2024-03-13,2024,Q1,3,Mar,Mar-2024,11,13,Wednesday,0,0
2024-03-14,2024,Q1,3,Mar,Mar-2024,11,14,Thursday,0,0
2024-03-15,2024,Q1,3,Mar,Mar-2024,11,15,Friday,0,0
2024-03-16,2024,Q1,3,Mar,Mar-2024,11,16,Saturday,1,0
2024-03-17,2024,Q1,3,Mar,Mar-2024,11,17,Sunday,1,0
2024-03-18,2024,Q1,3,Mar,Mar-2024,12,18,Monday,0,0
2024-03-19,2024,Q1,3,Mar,Mar-2024,12,19,Tuesday,0,0
2024-03-20,2024,Q1,3,Mar,Mar-2024,12,20,Wednesday,0,0
2024-03-21,2024,Q1,3,Mar,Mar-2024,12,21,Thursday,0,0
2024-03-22,2024,Q1,3,Mar,Mar-2024,12,22,Friday,0,0
2024-03-23,2024,Q1,3,Mar,Mar-2024,12,23,Saturday,1,0
2024-03-24,2024,Q1,3,Mar,Mar-2024,12,24,Sunday,1,0
2024-03-25,2024,Q1,3,Mar,Mar-2024,13,25,Monday,0,0
2024-03-26,2024,Q1,3,Mar,Mar-2024,13,26,Tuesday,0,0
2024-03-27,2024,Q1,3,Mar,Mar-2024,13,27,Wednesday,0,0
2024-03-28,2024,Q1,3,Mar,Mar-2024,13,28,Thursday,0,0
2024-03-29,2024,Q1,3,Mar,Mar-2024,13,29,Friday,0,0
2024-03-30,2024,Q1,3,Mar,Mar-2024,13,30,Saturday,1,0
2024-03-31,2024,Q1,3,Mar,Mar-2024,13,31,Sunday,1,0
2024-04-01,2024,Q2,4,Apr,Apr-2024,14,1,Monday,0,0
2024-04-02,2024,Q2,4,Apr,Apr-2024,14,2,Tuesday,0,0
2024-04-03,2024,Q2,4,Apr,Apr-2024,14,3,Wednesday,0,0
2024-04-04,2024,Q2,4,Apr,Apr-2024,14,4,Thursday,0,0
2024-04-05,2024,Q2,4,Apr,Apr-2024,14,5,Friday,0,0
2024-04-06,2024,Q2,4,Apr,Apr-2024,14,6,Saturday,1,0
2024-04-07,2024,Q2,4,Apr,Apr-2024,14,7,Sunday,1,0
2024-04-08,2024,Q2,4,Apr,Apr-2024,15,8,Monday,0,0
2024-04-09,2024,Q2,4,Apr,Apr-2024,15,9,Tuesday,0,0
2024-04-10,2024,Q2,4,Apr,Apr-2024,15,10,Wednesday,0,0
2024-04-11,2024,Q2,4,Apr,Apr-2024,15,11,Thursday,0,0
2024-04-12,2024,Q2,4,Apr,Apr-2024,15,12,Friday,0,0
2024-04-13,2024,Q2,4,Apr,Apr-2024,15,13,Saturday,1,0
2024-04-14,2024,Q2,4,Apr,Apr-2024,15,14,Sunday,1,0
2024-04-15,2024,Q2,4,Apr,Apr-2024,16,15,Monday,0,0
2024-04-16,2024,Q2,4,Apr,Apr-2024,16,16,Tuesday,0,0
2024-04-17,2024,Q2,4,Apr,Apr-2024,16,17,Wednesday,0,0
2024-04-18,2024,Q2,4,Apr,Apr-2024,16,18,Thursday,0,0
2024-04-19,2024,Q2,4,Apr,Apr-2024,16,19,Friday,0,0
2024-04-20,2024,Q2,4,Apr,Apr-2024,16,20,Saturday,1,0
2024-04-21,2024,Q2,4,Apr,Apr-2024,16,21,Sunday,1,0
2024-04-22,2024,Q2,4,Apr,Apr-2024,17,22,Monday,0,0
2024-04-23,2024,Q2,4,Apr,Apr-2024,17,23,Tuesday,0,0
2024-04-24,2024,Q2,4,Apr,Apr-2024,17,24,Wednesday,0,0
2024-04-25,2024,Q2,4,Apr,Apr-2024,17,25,Thursday,0,0
2024-04-26,2024,Q2,4,Apr,Apr-2024,17,26,Friday,0,0
2024-04-27,2024,Q2,4,Apr,Apr-2024,17,27,Saturday,1,0
2024-04-28,2024,Q2,4,Apr,Apr-2024,17,28,Sunday,1,0
2024-04-29,2024,Q2,4,Apr,Apr-2024,18,29,Monday,0,0
2024-04-30,2024,Q2,4,Apr,Apr-2024,18,30,Tuesday,0,0
2024-05-01,2024,Q2,5,May,May-2024,18,1,Wednesday,0,0
2024-05-02,2024,Q2,5,May,May-2024,18,2,Thursday,0,0
2024-05-03,2024,Q2,5,May,May-2024,18,3,Friday,0,0
2024-05-04,2024,Q2,5,May,May-2024,18,4,Saturday,1,0
2024-05-05,2024,Q2,5,May,May-2024,18,5,Sunday,1,0
2024-05-06,2024,Q2,5,May,May-2024,19,6,Monday,0,0
2024-05-07,2024,Q2,5,May,May-2024,19,7,Tuesday,0,0
2024-05-08,2024,Q2,5,May,May-2024,19,8,Wednesday,0,0
2024-05-09,2024,Q2,5,May,May-2024,19,9,Thursday,0,0
2024-05-10,2024,Q2,5,May,May-2024,19,10,Friday,0,0
2024-05-11,2024,Q2,5,May,May-2024,19,11,Saturday,1,0
2024-05-12,2024,Q2,5,May,May-2024,19,12,Sunday,1,0
2024-05-13,2024,Q2,5,May,May-2024,20,13,Monday,0,0
2024-05-14,2024,Q2,5,May,May-2024,20,14,Tuesday,0,0
2024-05-15,2024,Q2,5,May,May-2024,20,15,Wednesday,0,0
2024-05-16,2024,Q2,5,May,May-2024,20,16,Thursday,0,0
2024-05-17,2024,Q2,5,May,May-2024,20,17,Friday,0,0
2024-05-18,2024,Q2,5,May,May-2024,20,18,Saturday,1,0
2024-05-19,2024,Q2,5,May,May-2024,20,19,Sunday,1,0
2024-05-20,2024,Q2,5,May,May-2024,21,20,Monday,0,0
2024-05-21,2024,Q2,5,May,May-2024,21,21,Tuesday,0,0
2024-05-22,2024,Q2,5,May,May-2024,21,22,Wednesday,0,0
2024-05-23,2024,Q2,5,May,May-2024,21,23,Thursday,0,0
2024-05-24,2024,Q2,5,May,May-2024,21,24,Friday,0,0
2024-05-25,2024,Q2,5,May,May-2024,21,25,Saturday,1,0
2024-05-26,2024,Q2,5,May,May-2024,21,26,Sunday,1,0
2024-05-27,2024,Q2,5,May,May-2024,22,27,Monday,0,0
2024-05-28,2024,Q2,5,May,May-2024,22,28,Tuesday,0,0
2024-05-29,2024,Q2,5,May,May-2024,22,29,Wednesday,0,0
2024-05-30,2024,Q2,5,May,May-2024,22,30,Thursday,0,0
2024-05-31,2024,Q2,5,May,May-2024,22,31,Friday,0,0
2024-06-01,2024,Q2,6,Jun,Jun-2024,22,1,Saturday,1,0
2024-06-02,2024,Q2,6,Jun,Jun-2024,22,2,Sunday,1,0
2024-06-03,2024,Q2,6,Jun,Jun-2024,23,3,Monday,0,0
2024-06-04,2024,Q2,6,Jun,Jun-2024,23,4,Tuesday,0,0
2024-06-05,2024,Q2,6,Jun,Jun-2024,23,5,Wednesday,0,0
2024-06-06,2024,Q2,6,Jun,Jun-2024,23,6,Thursday,0,0
2024-06-07,2024,Q2,6,Jun,Jun-2024,23,7,Friday,0,0
2024-06-08,2024,Q2,6,Jun,Jun-2024,23,8,Saturday,1,0
2024-06-09,2024,Q2,6,Jun,Jun-2024,23,9,Sunday,1,0
2024-06-10,2024,Q2,6,Jun,Jun-2024,24,10,Monday,0,0
2024-06-11,2024,Q2,6,Jun,Jun-2024,24,11,Tuesday,0,0
2024-06-12,2024,Q2,6,Jun,Jun-2024,24,12,Wednesday,0,0
2024-06-13,2024,Q2,6,Jun,Jun-2024,24,13,Thursday,0,0
2024-06-14,2024,Q2,6,Jun,Jun-2024,24,14,Friday,0,0
2024-06-15,2024,Q2,6,Jun,Jun-2024,24,15,Saturday,1,0
2024-06-16,2024,Q2,6,Jun,Jun-2024,24,16,Sunday,1,0
2024-06-17,2024,Q2,6,Jun,Jun-2024,25,17,Monday,0,0
2024-06-18,2024,Q2,6,Jun,Jun-2024,25,18,Tuesday,0,0
2024-06-19,2024,Q2,6,Jun,Jun-2024,25,19,Wednesday,0,0
2024-06-20,2024,Q2,6,Jun,Jun-2024,25,20,Thursday,0,0
2024-06-21,2024,Q2,6,Jun,Jun-2024,25,21,Friday,0,0
2024-06-22,2024,Q2,6,Jun,Jun-2024,25,22,Saturday,1,0
2024-06-23,2024,Q2,6,Jun,Jun-2024,25,23,Sunday,1,0
2024-06-24,2024,Q2,6,Jun,Jun-2024,26,24,Monday,0,0
2024-06-25,2024,Q2,6,Jun,Jun-2024,26,25,Tuesday,0,0
2024-06-26,2024,Q2,6,Jun,Jun-2024,26,26,Wednesday,0,0
2024-06-27,2024,Q2,6,Jun,Jun-2024,26,27,Thursday,0,0
2024-06-28,2024,Q2,6,Jun,Jun-2024,26,28,Friday,0,0
2024-06-29,2024,Q2,6,Jun,Jun-2024,26,29,Saturday,1,0
2024-06-30,2024,Q2,6,Jun,Jun-2024,26,30,Sunday,1,0
2024-07-01,2024,Q3,7,Jul,Jul-2024,27,1,Monday,0,0
2024-07-02,2024,Q3,7,Jul,Jul-2024,27,2,Tuesday,0,0
2024-07-03,2024,Q3,7,Jul,Jul-2024,27,3,Wednesday,0,0
2024-07-04,2024,Q3,7,Jul,Jul-2024,27,4,Thursday,0,0
2024-07-05,2024,Q3,7,Jul,Jul-2024,27,5,Friday,0,0
2024-07-06,2024,Q3,7,Jul,Jul-2024,27,6,Saturday,1,0
2024-07-07,2024,Q3,7,Jul,Jul-2024,27,7,Sunday,1,0
2024-07-08,2024,Q3,7,Jul,Jul-2024,28,8,Monday,0,0
2024-07-09,2024,Q3,7,Jul,Jul-2024,28,9,Tuesday,0,0
2024-07-10,2024,Q3,7,Jul,Jul-2024,28,10,Wednesday,0,0
2024-07-11,2024,Q3,7,Jul,Jul-2024,28,11,Thursday,0,0
2024-07-12,2024,Q3,7,Jul,Jul-2024,28,12,Friday,0,0
2024-07-13,2024,Q3,7,Jul,Jul-2024,28,13,Saturday,1,0
2024-07-14,2024,Q3,7,Jul,Jul-2024,28,14,Sunday,1,0
2024-07-15,2024,Q3,7,Jul,Jul-2024,29,15,Monday,0,0
2024-07-16,2024,Q3,7,Jul,Jul-2024,29,16,Tuesday,0,0
2024-07-17,2024,Q3,7,Jul,Jul-2024,29,17,Wednesday,0,0
2024-07-18,2024,Q3,7,Jul,Jul-2024,29,18,Thursday,0,0
2024-07-19,2024,Q3,7,Jul,Jul-2024,29,19,Friday,0,0
2024-07-20,2024,Q3,7,Jul,Jul-2024,29,20,Saturday,1,0
2024-07-21,2024,Q3,7,Jul,Jul-2024,29,21,Sunday,1,0
2024-07-22,2024,Q3,7,Jul,Jul-2024,30,22,Monday,0,0
2024-07-23,2024,Q3,7,Jul,Jul-2024,30,23,Tuesday,0,0
2024-07-24,2024,Q3,7,Jul,Jul-2024,30,24,Wednesday,0,0
2024-07-25,2024,Q3,7,Jul,Jul-2024,30,25,Thursday,0,0
2024-07-26,2024,Q3,7,Jul,Jul-2024,30,26,Friday,0,0
2024-07-27,2024,Q3,7,Jul,Jul-2024,30,27,Saturday,1,0
2024-07-28,2024,Q3,7,Jul,Jul-2024,30,28,Sunday,1,0
2024-07-29,2024,Q3,7,Jul,Jul-2024,31,29,Monday,0,0
2024-07-30,2024,Q3,7,Jul,Jul-2024,31,30,Tuesday,0,0
2024-07-31,2024,Q3,7,Jul,Jul-2024,31,31,Wednesday,0,0
2024-08-01,2024,Q3,8,Aug,Aug-2024,31,1,Thursday,0,0
2024-08-02,2024,Q3,8,Aug,Aug-2024,31,2,Friday,0,0
2024-08-03,2024,Q3,8,Aug,Aug-2024,31,3,Saturday,1,0
2024-08-04,2024,Q3,8,Aug,Aug-2024,31,4,Sunday,1,0
2024-08-05,2024,Q3,8,Aug,Aug-2024,32,5,Monday,0,0
2024-08-06,2024,Q3,8,Aug,Aug-2024,32,6,Tuesday,0,0
2024-08-07,2024,Q3,8,Aug,Aug-2024,32,7,Wednesday,0,0
2024-08-08,2024,Q3,8,Aug,Aug-2024,32,8,Thursday,0,0
2024-08-09,2024,Q3,8,Aug,Aug-2024,32,9,Friday,0,0
2024-08-10,2024,Q3,8,Aug,Aug-2024,32,10,Saturday,1,0
2024-08-11,2024,Q3,8,Aug,Aug-2024,32,11,Sunday,1,0
2024-08-12,2024,Q3,8,Aug,Aug-2024,33,12,Monday,0,0
2024-08-13,2024,Q3,8,Aug,Aug-2024,33,13,Tuesday,0,0
2024-08-14,2024,Q3,8,Aug,Aug-2024,33,14,Wednesday,0,0
2024-08-15,2024,Q3,8,Aug,Aug-2024,33,15,Thursday,0,0
2024-08-16,2024,Q3,8,Aug,Aug-2024,33,16,Friday,0,0
2024-08-17,2024,Q3,8,Aug,Aug-2024,33,17,Saturday,1,0
2024-08-18,2024,Q3,8,Aug,Aug-2024,33,18,Sunday,1,0
2024-08-19,2024,Q3,8,Aug,Aug-2024,34,19,Monday,0,0
2024-08-20,2024,Q3,8,Aug,Aug-2024,34,20,Tuesday,0,0
2024-08-21,2024,Q3,8,Aug,Aug-2024,34,21,Wednesday,0,0
2024-08-22,2024,Q3,8,Aug,Aug-2024,34,22,Thursday,0,0
2024-08-23,2024,Q3,8,Aug,Aug-2024,34,23,Friday,0,0
2024-08-24,2024,Q3,8,Aug,Aug-2024,34,24,Saturday,1,0
2024-08-25,2024,Q3,8,Aug,Aug-2024,34,25,Sunday,1,0
2024-08-26,2024,Q3,8,Aug,Aug-2024,35,26,Monday,0,0
2024-08-27,2024,Q3,8,Aug,Aug-2024,35,27,Tuesday,0,0
2024-08-28,2024,Q3,8,Aug,Aug-2024,35,28,Wednesday,0,0
2024-08-29,2024,Q3,8,Aug,Aug-2024,35,29,Thursday,0,0
2024-08-30,2024,Q3,8,Aug,Aug-2024,35,30,Friday,0,0
2024-08-31,2024,Q3,8,Aug,Aug-2024,35,31,Saturday,1,0
2024-09-01,2024,Q3,9,Sep,Sep-2024,35,1,Sunday,1,0
2024-09-02,2024,Q3,9,Sep,Sep-2024,36,2,Monday,0,0
2024-09-03,2024,Q3,9,Sep,Sep-2024,36,3,Tuesday,0,0
2024-09-04,2024,Q3,9,Sep,Sep-2024,36,4,Wednesday,0,0
2024-09-05,2024,Q3,9,Sep,Sep-2024,36,5,Thursday,0,0
2024-09-06,2024,Q3,9,Sep,Sep-2024,36,6,Friday,0,0
2024-09-07,2024,Q3,9,Sep,Sep-2024,36,7,Saturday,1,0
2024-09-08,2024,Q3,9,Sep,Sep-2024,36,8,Sunday,1,0
2024-09-09,2024,Q3,9,Sep,Sep-2024,37,9,Monday,0,0
2024-09-10,2024,Q3,9,Sep,Sep-2024,37,10,Tuesday,0,0
2024-09-11,2024,Q3,9,Sep,Sep-2024,37,11,Wednesday,0,0
2024-09-12,2024,Q3,9,Sep,Sep-2024,37,12,Thursday,0,0
2024-09-13,2024,Q3,9,Sep,Sep-2024,37,13,Friday,0,0
2024-09-14,2024,Q3,9,Sep,Sep-2024,37,14,Saturday,1,0
2024-09-15,2024,Q3,9,Sep,Sep-2024,37,15,Sunday,1,0
2024-09-16,2024,Q3,9,Sep,Sep-2024,38,16,Monday,0,0
2024-09-17,2024,Q3,9,Sep,Sep-2024,38,17,Tuesday,0,0
2024-09-18,2024,Q3,9,Sep,Sep-2024,38,18,Wednesday,0,0
2024-09-19,2024,Q3,9,Sep,Sep-2024,38,19,Thursday,0,0
2024-09-20,2024,Q3,9,Sep,Sep-2024,38,20,Friday,0,0
2024-09-21,2024,Q3,9,Sep,Sep-2024,38,21,Saturday,1,0
2024-09-22,2024,Q3,9,Sep,Sep-2024,38,22,Sunday,1,0
2024-09-23,2024,Q3,9,Sep,Sep-2024,39,23,Monday,0,0
2024-09-24,2024,Q3,9,Sep,Sep-2024,39,24,Tuesday,0,0
2024-09-25,2024,Q3,9,Sep,Sep-2024,39,25,Wednesday,0,0
2024-09-26,2024,Q3,9,Sep,Sep-2024,39,26,Thursday,0,0
2024-09-27,2024,Q3,9,Sep,Sep-2024,39,27,Friday,0,0
2024-09-28,2024,Q3,9,Sep,Sep-2024,39,28,Saturday,1,0
2024-09-29,2024,Q3,9,Sep,Sep-2024,39,29,Sunday,1,0
2024-09-30,2024,Q3,9,Sep,Sep-2024,40,30,Monday,0,0
2024-10-01,2024,Q4,10,Oct,Oct-2024,40,1,Tuesday,0,1
2024-10-02,2024,Q4,10,Oct,Oct-2024,40,2,Wednesday,0,1
2024-10-03,2024,Q4,10,Oct,Oct-2024,40,3,Thursday,0,1
2024-10-04,2024,Q4,10,Oct,Oct-2024,40,4,Friday,0,1
2024-10-05,2024,Q4,10,Oct,Oct-2024,40,5,Saturday,1,1
2024-10-06,2024,Q4,10,Oct,Oct-2024,40,6,Sunday,1,1
2024-10-07,2024,Q4,10,Oct,Oct-2024,41,7,Monday,0,1
2024-10-08,2024,Q4,10,Oct,Oct-2024,41,8,Tuesday,0,1
2024-10-09,2024,Q4,10,Oct,Oct-2024,41,9,Wednesday,0,1
2024-10-10,2024,Q4,10,Oct,Oct-2024,41,10,Thursday,0,1
2024-10-11,2024,Q4,10,Oct,Oct-2024,41,11,Friday,0,1
2024-10-12,2024,Q4,10,Oct,Oct-2024,41,12,Saturday,1,1
2024-10-13,2024,Q4,10,Oct,Oct-2024,41,13,Sunday,1,1
2024-10-14,2024,Q4,10,Oct,Oct-2024,42,14,Monday,0,1
2024-10-15,2024,Q4,10,Oct,Oct-2024,42,15,Tuesday,0,1
2024-10-16,2024,Q4,10,Oct,Oct-2024,42,16,Wednesday,0,1
2024-10-17,2024,Q4,10,Oct,Oct-2024,42,17,Thursday,0,1
2024-10-18,2024,Q4,10,Oct,Oct-2024,42,18,Friday,0,1
2024-10-19,2024,Q4,10,Oct,Oct-2024,42,19,Saturday,1,1
2024-10-20,2024,Q4,10,Oct,Oct-2024,42,20,Sunday,1,1
2024-10-21,2024,Q4,10,Oct,Oct-2024,43,21,Monday,0,1
2024-10-22,2024,Q4,10,Oct,Oct-2024,43,22,Tuesday,0,1
2024-10-23,2024,Q4,10,Oct,Oct-2024,43,23,Wednesday,0,1
2024-10-24,2024,Q4,10,Oct,Oct-2024,43,24,Thursday,0,1
2024-10-25,2024,Q4,10,Oct,Oct-2024,43,25,Friday,0,1
2024-10-26,2024,Q4,10,Oct,Oct-2024,43,26,Saturday,1,1
2024-10-27,2024,Q4,10,Oct,Oct-2024,43,27,Sunday,1,1
2024-10-28,2024,Q4,10,Oct,Oct-2024,44,28,Monday,0,1
2024-10-29,2024,Q4,10,Oct,Oct-2024,44,29,Tuesday,0,1
2024-10-30,2024,Q4,10,Oct,Oct-2024,44,30,Wednesday,0,1
2024-10-31,2024,Q4,10,Oct,Oct-2024,44,31,Thursday,0,1
2024-11-01,2024,Q4,11,Nov,Nov-2024,44,1,Friday,0,1
2024-11-02,2024,Q4,11,Nov,Nov-2024,44,2,Saturday,1,1
2024-11-03,2024,Q4,11,Nov,Nov-2024,44,3,Sunday,1,1
2024-11-04,2024,Q4,11,Nov,Nov-2024,45,4,Monday,0,1
2024-11-05,2024,Q4,11,Nov,Nov-2024,45,5,Tuesday,0,1
2024-11-06,2024,Q4,11,Nov,Nov-2024,45,6,Wednesday,0,1
2024-11-07,2024,Q4,11,Nov,Nov-2024,45,7,Thursday,0,1
2024-11-08,2024,Q4,11,Nov,Nov-2024,45,8,Friday,0,1
2024-11-09,2024,Q4,11,Nov,Nov-2024,45,9,Saturday,1,1
2024-11-10,2024,Q4,11,Nov,Nov-2024,45,10,Sunday,1,1
2024-11-11,2024,Q4,11,Nov,Nov-2024,46,11,Monday,0,1
2024-11-12,2024,Q4,11,Nov,Nov-2024,46,12,Tuesday,0,1
2024-11-13,2024,Q4,11,Nov,Nov-2024,46,13,Wednesday,0,1
2024-11-14,2024,Q4,11,Nov,Nov-2024,46,14,Thursday,0,1
2024-11-15,2024,Q4,11,Nov,Nov-2024,46,15,Friday,0,1
2024-11-16,2024,Q4,11,Nov,Nov-2024,46,16,Saturday,1,1
2024-11-17,2024,Q4,11,Nov,Nov-2024,46,17,Sunday,1,1
2024-11-18,2024,Q4,11,Nov,Nov-2024,47,18,Monday,0,1
2024-11-19,2024,Q4,11,Nov,Nov-2024,47,19,Tuesday,0,1
2024-11-20,2024,Q4,11,Nov,Nov-2024,47,20,Wednesday,0,1
2024-11-21,2024,Q4,11,Nov,Nov-2024,47,21,Thursday,0,1
2024-11-22,2024,Q4,11,Nov,Nov-2024,47,22,Friday,0,1
2024-11-23,2024,Q4,11,Nov,Nov-2024,47,23,Saturday,1,1
2024-11-24,2024,Q4,11,Nov,Nov-2024,47,24,Sunday,1,1
2024-11-25,2024,Q4,11,Nov,Nov-2024,48,25,Monday,0,1
2024-11-26,2024,Q4,11,Nov,Nov-2024,48,26,Tuesday,0,1
2024-11-27,2024,Q4,11,Nov,Nov-2024,48,27,Wednesday,0,1
2024-11-28,2024,Q4,11,Nov,Nov-2024,48,28,Thursday,0,1
2024-11-29,2024,Q4,11,Nov,Nov-2024,48,29,Friday,0,1
2024-11-30,2024,Q4,11,Nov,Nov-2024,48,30,Saturday,1,1
2024-12-01,2024,Q4,12,Dec,Dec-2024,48,1,Sunday,1,1
2024-12-02,2024,Q4,12,Dec,Dec-2024,49,2,Monday,0,1
2024-12-03,2024,Q4,12,Dec,Dec-2024,49,3,Tuesday,0,1
2024-12-04,2024,Q4,12,Dec,Dec-2024,49,4,Wednesday,0,1
2024-12-05,2024,Q4,12,Dec,Dec-2024,49,5,Thursday,0,1
2024-12-06,2024,Q4,12,Dec,Dec-2024,49,6,Friday,0,1
2024-12-07,2024,Q4,12,Dec,Dec-2024,49,7,Saturday,1,1
2024-12-08,2024,Q4,12,Dec,Dec-2024,49,8,Sunday,1,1
2024-12-09,2024,Q4,12,Dec,Dec-2024,50,9,Monday,0,1
2024-12-10,2024,Q4,12,Dec,Dec-2024,50,10,Tuesday,0,1
2024-12-11,2024,Q4,12,Dec,Dec-2024,50,11,Wednesday,0,1
2024-12-12,2024,Q4,12,Dec,Dec-2024,50,12,Thursday,0,1
2024-12-13,2024,Q4,12,Dec,Dec-2024,50,13,Friday,0,1
2024-12-14,2024,Q4,12,Dec,Dec-2024,50,14,Saturday,1,1
2024-12-15,2024,Q4,12,Dec,Dec-2024,50,15,Sunday,1,1
2024-12-16,2024,Q4,12,Dec,Dec-2024,51,16,Monday,0,1
2024-12-17,2024,Q4,12,Dec,Dec-2024,51,17,Tuesday,0,1
2024-12-18,2024,Q4,12,Dec,Dec-2024,51,18,Wednesday,0,1
2024-12-19,2024,Q4,12,Dec,Dec-2024,51,19,Thursday,0,1
2024-12-20,2024,Q4,12,Dec,Dec-2024,51,20,Friday,0,1
2024-12-21,2024,Q4,12,Dec,Dec-2024,51,21,Saturday,1,1
2024-12-22,2024,Q4,12,Dec,Dec-2024,51,22,Sunday,1,1
2024-12-23,2024,Q4,12,Dec,Dec-2024,52,23,Monday,0,1
2024-12-24,2024,Q4,12,Dec,Dec-2024,52,24,Tuesday,0,1
2024-12-25,2024,Q4,12,Dec,Dec-2024,52,25,Wednesday,0,1
2024-12-26,2024,Q4,12,Dec,Dec-2024,52,26,Thursday,0,1
2024-12-27,2024,Q4,12,Dec,Dec-2024,52,27,Friday,0,1
2024-12-28,2024,Q4,12,Dec,Dec-2024,52,28,Saturday,1,1
2024-12-29,2024,Q4,12,Dec,Dec-2024,52,29,Sunday,1,1
2024-12-30,2024,Q4,12,Dec,Dec-2024,1,30,Monday,0,1
2024-12-31,2024,Q4,12,Dec,Dec-2024,1,31,Tuesday,0,1
